Workbook

Sheet Registration
B1: 2017 Relay Race
A2: List | B2: Bib # | C2: Division | D2: Name
A3: 1 | B3: 1 | C3: 1 | D3: THAT'S FINE TRACK CLUB
A4: 2 | B4: 2 | C4: 1 | D4: Lancer Punch
A5: 3 | B5: 3 | C5: 1 | D5: OH Trail Blazers
A6: 4 | B6: 4 | C6: 1 | D6: Rubicon Rumm Runners
A7: 5 | B7: 5 | C7: 1 | D7: Moraga Distance Project
A8: 6 | B8: 6 | C8: 1 | D8: Chiclosos
A9: 7 | B9: 7 | C9: 1 | D9: West Valley Track Club B
A10: 8 | B10: 8 | C10: 2 | D10: Run Like You Stole it | E10: DNS
A11: 9 | B11: 9 | C11: 2 | D11: West Valley TC Masters Men
A12: 10 | B12: 10 | C12: 3 | D12: Original A Team
A13: 11 | B13: 11 | C13: 3 | D13: Harey Tortugas
A14: 12 | B14: 12 | C14: 1 | D14: Team Carpe Gluteus
A15: 13 | B15: 13 | C15: 4 | D15: LMJS 60-70 Men
A16: 14 | B16: 14 | C16: 5 | D16: Fresno High School - Girls
A17: 15 | B17: 15 | C17: 6 | D17: The Sports Thing
A18: 16 | B18: 16 | C18: 6 | D18: McNair High School
A19: 17 | B19: 17 | C19: 6 | D19: Fresno High School - Boys
A20: 18 | B20: 18 | C20: 6 | D20: McFarland Track Club 1
A21: 19 | B21: 19 | C21: 6 | D21: McFarland Track Club 2
A22: 20 | B22: 20 | C22: 6 | D22: South Tahoe High School
... A24: 22 | B24: 22 | C24: 7 | D24: Brown Runners - UPS 1
A25: 23 | B25: 23 | C25: 7 | D25: Always Promise Never Deliver | E25: DNF
A26: 24 | B26: 24 | C26: 7 | D26: Parlimnet of Owls
A27: 25 | B27: 25 | C27: 7 | D27: Over Promise Under Deliver
A28: 26 | B28: 26 | C28: 7 | D28: Browns Clowns - UPS 2
A29: 27 | B29: 27 | C29: 7 | D29: The KP Wandering Landlubbers
A30: 28 | B30: 28 | C30: 7 | D30: The Last Will be First
A31: 29 | B31: 29 | C31: 8 | D31: Shark Week
A32: 30 | B32: 30 | C32: 8 | D32: Fly The Friendly Skies
A33: 31 | B33: 31 | C33: 8 | D33: Jurassic Park
A34: 32 | B34: 32 | C34: 8 | D34: Summer of Love
A35: 33 | B35: 33 | C35: 8 | D35: Jock and Jills
A36: 34 | B36: 34 | C36: 8 | D36: Hot Links
A37: 35 | B37: 35 | C37: 8 | D37: No Passing | E37: DNS
A38: 36 | B38: 36 | C38: 8 | D38: Norcal Sheepdogs
A39: 37 | B39: 37 | C39: 8 | D39: Last Hoorah
A40: 38 | B40: 38 | C40: 8 | D40: We Trained at Sea Level
A41: 39 | B41: 39 | C41: 8 | D41: South Coast Roadrunners
A42: 40 | B42: 40 | C42: 8 | D42: Team Pink
A43: 41 | B43: 41 | C43: 8 | D43: Midnigh Society
A44: 42 | B44: 42 | C44: 8 | D44: Super Coopers | E44: DNS
A45: 43 | B45: 43 | C45: 8 | D45: That’s Fine Too - Electric Bugaloo
A46: 44 | B46: 44 | C46: 8 | D46: Smok'n Oaks
A47: 45 | B47: 45 | C47: 8 | D47: West Valley Mixed
A48: 46 | B48: 46 | C48: 8 | D48: Wolf Pack
A49: 47 | B49: 47 | C49: 8 | D49: SRA Elite
A50: 48 | B50: 48 | C50: 9 | D50: Runners Anonymous
A51: 49 | B51: 49 | C51: 9 | D51: LG Fools
A52: 50 | B52: 50 | C52: 9 | D52: I Saw A Bear
A53: 51 | B53: 51 | C53: 9 | D53: Raiders of the Lost Track
A54: 52 | B54: 52 | C54: 9 | D54: Just Happy to Run
A55: 53 | B55: 53 | C55: 9 | D55: Aggie Running Club
A56: 54 | B56: 54 | C56: 9 | D56: Call me a Cab
... A67: 65 | B67: 65 | C67: 10 | D67: Wolfpack Hurry up Ladies
A68: 66 | B68: 66 | C68: 11 | D68: Super Seven | E68: DNF
A69: 67 | B69: 67 | C69: 12 | D69: Samuel Louie
A70: 68 | B70: 68 | C70: 1 | D70: West Valley TC
A71: 69 | B71: 69 | C71: 10 | D71: Sunrise Lady Gang
A72: 70
A73: 71
A74: 72
A75: 73
A76: 74
A77: 75

Sheet Div Sorted Results
A1: Sorted Results
B2: 2017 Tahoe Relay
A4: Overall Place | B4: Bib # | C4: Total Time | D4: Div | E4: Div Place | F4: Pace
A5: 1 | B5: 1 | C5: 0.28646991 | D5: =VLOOKUP(B5,Registration!$B$3:$C$77,2,FALSE) -> 1 | E5: 1 | F5: =C5/72 -> 0.0039787487
A6: 2 | B6: 68 | C6: 0.28778935 | D6: =VLOOKUP(B6,Registration!$B$3:$C$77,2,FALSE) -> 1 | E6: 2 | F6: =C6/72 -> 0.0039970743
A7: 3 | B7: 7 | C7: 0.30519676 | D7: =VLOOKUP(B7,Registration!$B$3:$C$77,2,FALSE) -> 1 | E7: 3 | F7: =C7/72 -> 0.0042388439
A8: 4 | B8: 5 | C8: 0.31356481 | D8: =VLOOKUP(B8,Registration!$B$3:$C$77,2,FALSE) -> 1 | E8: 4 | F8: =C8/72 -> 0.0043550669
A9: 5 | B9: 9 | C9: 0.31668981 | D9: =VLOOKUP(B9,Registration!$B$3:$C$77,2,FALSE) -> 2 | E9: 1 | F9: =C9/72 -> 0.0043984697
A10: 6 | B10: 2 | C10: 0.31797454 | D10: =VLOOKUP(B10,Registration!$B$3:$C$77,2,FALSE) -> 1 | E10: 5 | F10: =C10/72 -> 0.004416313
A11: 7 | B11: 18 | C11: 0.33782407 | D11: =VLOOKUP(B11,Registration!$B$3:$C$77,2,FALSE) -> 6 | E11: 1 | F11: =C11/72 -> 0.004692001
A12: 8 | B12: 47 | C12: 0.33837963 | D12: =VLOOKUP(B12,Registration!$B$3:$C$77,2,FALSE) -> 8 | E12: 1 | F12: =C12/72 -> 0.0046997171
A13: 9 | B13: 43 | C13: 0.35443287 | D13: =VLOOKUP(B13,Registration!$B$3:$C$77,2,FALSE) -> 8 | E13: 2 | F13: =C13/72 -> 0.0049226788
A14: 10 | B14: 59 | C14: 0.35488426 | D14: =VLOOKUP(B14,Registration!$B$3:$C$77,2,FALSE) -> 10 | E14: 1 | F14: =C14/72 -> 0.004928948
A15: 11 | B15: 17 | C15: 0.35825231 | D15: =VLOOKUP(B15,Registration!$B$3:$C$77,2,FALSE) -> 6 | E15: 2 | F15: =C15/72 -> 0.0049757266
A16: 12 | B16: 58 | C16: 0.35827546 | D16: =VLOOKUP(B16,Registration!$B$3:$C$77,2,FALSE) -> 10 | E16: 2 | F16: =C16/72 -> 0.0049760481
... A67: 63 | B67: 26 | C67: 0.55287037 | D67: =VLOOKUP(B67,Registration!$B$3:$C$77,2,FALSE) -> 7 | E67: 8 | F67: =C67/72 -> 0.0076787551
A69: 23 | C69: DNF
A70: 66 | C70: DNF
A71: 67 | C71: DNF

Sheet Leg 1
A1: Leg 1 | B1: 2017 Tahoe Relay
F2: 8.6 Miles
A3: Place | B3: Bib # | C3: Leg Time | D3: Div | E3: Div Place | F3: Pace
A4: 1 | B4: 5 | C4: 0.033784722 | D4: =VLOOKUP(B4,Registration!$B$3:$C$77,2,FALSE) -> 1 | E4: 1 | F4: =C4/8.6 -> 0.0039284561
A5: 2 | B5: 68 | C5: 0.034247685 | D5: =VLOOKUP(B5,Registration!$B$3:$C$77,2,FALSE) -> 1 | E5: 2 | F5: =C5/8.6 -> 0.003982289
A6: 3 | B6: 47 | C6: 0.035798611 | D6: =VLOOKUP(B6,Registration!$B$3:$C$77,2,FALSE) -> 8 | E6: 1 | F6: =C6/8.6 -> 0.0041626292
A7: 4 | B7: 7 | C7: 0.036064815 | D7: =VLOOKUP(B7,Registration!$B$3:$C$77,2,FALSE) -> 1 | E7: 3 | F7: =C7/8.6 -> 0.0041935831
A8: 5 | B8: 9 | C8: 0.03625 | D8: =VLOOKUP(B8,Registration!$B$3:$C$77,2,FALSE) -> 2 | E8: 1 | F8: =C8/8.6 -> 0.0042151163
A9: 6 | B9: 1 | C9: 0.037789352 | D9: =VLOOKUP(B9,Registration!$B$3:$C$77,2,FALSE) -> 1 | E9: 4 | F9: =C9/8.6 -> 0.0043941107
A10: 7 | B10: 18 | C10: 0.03900463 | D10: =VLOOKUP(B10,Registration!$B$3:$C$77,2,FALSE) -> 6 | E10: 1 | F10: =C10/8.6 -> 0.004535422
A11: 8 | B11: 43 | C11: 0.039537037 | D11: =VLOOKUP(B11,Registration!$B$3:$C$77,2,FALSE) -> 8 | E11: 2 | F11: =C11/8.6 -> 0.0045973299
A12: 9 | B12: 19 | C12: 0.039594907 | D12: =VLOOKUP(B12,Registration!$B$3:$C$77,2,FALSE) -> 6 | E12: 2 | F12: =C12/8.6 -> 0.004604059
A13: 10 | B13: 56 | C13: 0.039837963 | D13: =VLOOKUP(B13,Registration!$B$3:$C$77,2,FALSE) -> 9 | E13: 1 | F13: =C13/8.6 -> 0.0046323213
A14: 11 | B14: 4 | C14: 0.040960648 | D14: =VLOOKUP(B14,Registration!$B$3:$C$77,2,FALSE) -> 1 | E14: 5 | F14: =C14/8.6 -> 0.0047628661
A15: 12 | B15: 2 | C15: 0.04130787 | D15: =VLOOKUP(B15,Registration!$B$3:$C$77,2,FALSE) -> 1 | E15: 6 | F15: =C15/8.6 -> 0.0048032407
... A64: 61 | B64: 26 | C64: 0.070914352 | D64: =VLOOKUP(B64,Registration!$B$3:$C$77,2,FALSE) -> 7 | E64: 8 | F64: =C64/8.6 -> 0.0082458549
A65: 62
A66: 63
A67: 64
A68: 65
A69: 66
A70: 67
C72: We missed timing on leg 1 for bibs 41 and 59
C73: Bibs 55 and 67 started at 5am
C74: Bib 66 started at 6am

Sheet leg 2
A1: Leg 2 | B1: 2017 Tahoe Relay | F1: Leg 2 | G1: Lake Tahoe Relay
L2: 13.1 Miles
A3: Place | B3: Bib # | C3: Total Time | D3: Leg Time | E3: Div | F3: Place | G3: Bib # | H3: Total Time | I3: Leg Time | J3: Div | K3: Div Place | L3: Pace
A4: 1 | B4: 68 | C4: 0.088298611 | D4: ='leg 2'!C4-'Leg 1'!C4 -> 0.054513889 | E4: =VLOOKUP(B4,Registration!$B$3:$C$77,2,FALSE) -> 1 | F4: 1 | G4: 68 | H4: 0.088298611 | I4: =H4-'Leg 1'!C5 -> 0.054050926 | J4: =VLOOKUP(G4,[1]Registration!$B$3:$C$77,2,FALSE) -> 1 | K4: 1 | L4: =I4/13.1 -> 0.0041260249
A5: 2 | B5: 1 | C5: 0.091122685 | D5: ='leg 2'!C5-'Leg 1'!C5 -> 0.056875 | E5: =VLOOKUP(B5,Registration!$B$3:$C$77,2,FALSE) -> 1 | F5: 2 | G5: 1 | H5: 0.091122685 | I5: =H5-'Leg 1'!C9 -> 0.053333333 | J5: =VLOOKUP(G5,[1]Registration!$B$3:$C$77,2,FALSE) -> 1 | K5: 2 | L5: =I5/13.1 -> 0.0040712468
A6: 3 | B6: 7 | C6: 0.093796296 | D6: ='leg 2'!C6-'Leg 1'!C6 -> 0.057997685 | E6: =VLOOKUP(B6,Registration!$B$3:$C$77,2,FALSE) -> 1 | F6: 3 | G6: 7 | H6: 0.093796296 | I6: =H6-'Leg 1'!C7 -> 0.057731481 | J6: =VLOOKUP(G6,[1]Registration!$B$3:$C$77,2,FALSE) -> 1 | K6: 3 | L6: =I6/13.1 -> 0.0044069833
A7: 4 | B7: 5 | C7: 0.094224537 | D7: ='leg 2'!C7-'Leg 1'!C7 -> 0.058159722 | E7: =VLOOKUP(B7,Registration!$B$3:$C$77,2,FALSE) -> 1 | F7: 4 | G7: 5 | H7: 0.094224537 | I7: =H7-'Leg 1'!C4 -> 0.060439815 | J7: =VLOOKUP(G7,[1]Registration!$B$3:$C$77,2,FALSE) -> 1 | K7: 4 | L7: =I7/13.1 -> 0.0046137263
A8: 5 | B8: 2 | C8: 0.095775463 | D8: ='leg 2'!C8-'Leg 1'!C8 -> 0.059525463 | E8: =VLOOKUP(B8,Registration!$B$3:$C$77,2,FALSE) -> 1 | F8: 5 | G8: 2 | H8: 0.095775463 | I8: =H8-'Leg 1'!C15 -> 0.054467593 | J8: =VLOOKUP(G8,[1]Registration!$B$3:$C$77,2,FALSE) -> 1 | K8: 5 | L8: =I8/13.1 -> 0.0041578315
A9: 6 | B9: 9 | C9: 0.096018519 | D9: ='leg 2'!C9-'Leg 1'!C9 -> 0.058229167 | E9: =VLOOKUP(B9,Registration!$B$3:$C$77,2,FALSE) -> 2 | F9: 6 | G9: 9 | H9: 0.096018519 | I9: =H9-'Leg 1'!C8 -> 0.059768519 | J9: =VLOOKUP(G9,[1]Registration!$B$3:$C$77,2,FALSE) -> 2 | K9: 1 | L9: =I9/13.1 -> 0.0045624823
A10: 7 | B10: 47 | C10: 0.097210648 | D10: ='leg 2'!C10-'Leg 1'!C10 -> 0.058206019 | E10: =VLOOKUP(B10,Registration!$B$3:$C$77,2,FALSE) -> 8 | F10: 7 | G10: 47 | H10: 0.097210648 | I10: =H10-'Leg 1'!C6 -> 0.061412037 | J10: =VLOOKUP(G10,[1]Registration!$B$3:$C$77,2,FALSE) -> 8 | K10: 1 | L10: =I10/13.1 -> 0.0046879418
A11: 8 | B11: 18 | C11: 0.098449074 | D11: ='leg 2'!C11-'Leg 1'!C11 -> 0.058912037 | E11: =VLOOKUP(B11,Registration!$B$3:$C$77,2,FALSE) -> 6 | F11: 8 | G11: 18 | H11: 0.098449074 | I11: =H11-'Leg 1'!C10 -> 0.059444444 | J11: =VLOOKUP(G11,[1]Registration!$B$3:$C$77,2,FALSE) -> 6 | K11: 1 | L11: =I11/13.1 -> 0.0045377439
A12: 9 | B12: 6 | C12: 0.10118056 | D12: ='leg 2'!C12-'Leg 1'!C12 -> 0.061585648 | E12: =VLOOKUP(B12,Registration!$B$3:$C$77,2,FALSE) -> 1 | F12: 9 | G12: 6 | H12: 0.10118056 | I12: =H12-'Leg 1'!C10 -> 0.062175926 | J12: =VLOOKUP(G12,[1]Registration!$B$3:$C$77,2,FALSE) -> 1 | K12: 6 | L12: =I12/13.1 -> 0.0047462539
A13: 10 | B13: 55 | C13: 0.10255787 | D13: ='leg 2'!C13-'Leg 1'!C13 -> 0.062719907 | E13: =VLOOKUP(B13,Registration!$B$3:$C$77,2,FALSE) -> 9 | F13: 10 | G13: 55 | H13: 0.10255787 | J13: =VLOOKUP(G13,[1]Registration!$B$3:$C$77,2,FALSE) -> 9 | K13: 1 | L13: =I13/13.1 -> 0
A14: 11 | B14: 43 | C14: 0.10350694 | D14: ='leg 2'!C14-'Leg 1'!C14 -> 0.062546296 | E14: =VLOOKUP(B14,Registration!$B$3:$C$77,2,FALSE) -> 8 | F14: 11 | G14: 43 | H14: 0.10350694 | I14: =H14-'Leg 1'!C11 -> 0.063969907 | J14: =VLOOKUP(G14,[1]Registration!$B$3:$C$77,2,FALSE) -> 8 | K14: 2 | L14: =I14/13.1 -> 0.004883199
A15: 12 | B15: 45 | C15: 0.10619213 | D15: ='leg 2'!C15-'Leg 1'!C15 -> 0.064884259 | E15: =VLOOKUP(B15,Registration!$B$3:$C$77,2,FALSE) -> 8 | F15: 12 | G15: 45 | H15: 0.10619213 | I15: =H15-'Leg 1'!C19 -> 0.061608796 | J15: =VLOOKUP(G15,[1]Registration!$B$3:$C$77,2,FALSE) -> 8 | K15: 3 | L15: =I15/13.1 -> 0.0047029615
A16: 13 | B16: 59 | C16: 0.10686343 | D16: ='leg 2'!C16-'Leg 1'!C16 -> 0.065486111 | E16: =VLOOKUP(B16,Registration!$B$3:$C$77,2,FALSE) -> 10 | F16: 13 | G16: 59 | H16: 0.10686343 | J16: =VLOOKUP(G16,[1]Registration!$B$3:$C$77,2,FALSE) -> 10 | K16: 1 | L16: =I16/13.1 -> 0
A17: 14 | B17: 4 | C17: 0.10895833 | D17: ='leg 2'!C17-'Leg 1'!C17 -> 0.0653125 | E17: =VLOOKUP(B17,Registration!$B$3:$C$77,2,FALSE) -> 1 | F17: 14 | G17: 4 | H17: 0.10895833 | I17: =H17-'Leg 1'!C14 -> 0.067997685 | J17: =VLOOKUP(G17,[1]Registration!$B$3:$C$77,2,FALSE) -> 1 | K17: 7 | L17: =I17/13.1 -> 0.005190663
A18: 15 | B18: 65 | C18: 0.11111111 | D18: ='leg 2'!C18-'Leg 1'!C18 -> 0.066956019 | E18: =VLOOKUP(B18,Registration!$B$3:$C$77,2,FALSE) -> 10 | F18: 15 | G18: 65 | H18: 0.11111111 | I18: =H18-'Leg 1'!C17 -> 0.067465278 | J18: =VLOOKUP(G18,[1]Registration!$B$3:$C$77,2,FALSE) -> 10 | K18: 2 | L18: =I18/13.1 -> 0.0051500212
A19: 16 | B19: 63 | C19: 0.11116898 | D19: ='leg 2'!C19-'Leg 1'!C19 -> 0.066585648 | E19: =VLOOKUP(B19,Registration!$B$3:$C$77,2,FALSE) -> 10 | F19: 16 | G19: 63 | H19: 0.11116898 | I19: =H19-'Leg 1'!C21 -> 0.065289352 | J19: =VLOOKUP(G19,[1]Registration!$B$3:$C$77,2,FALSE) -> 10 | K19: 3 | L19: =I19/13.1 -> 0.00498392
A20: 17 | B20: 17 | C20: 0.11189815 | D20: ='leg 2'!C20-'Leg 1'!C20 -> 0.0671875 | E20: =VLOOKUP(B20,Registration!$B$3:$C$77,2,FALSE) -> 6 | F20: 17 | G20: 17 | H20: 0.11189815 | I20: =H20-'Leg 1'!C23 -> 0.065509259 | J20: =VLOOKUP(G20,[1]Registration!$B$3:$C$77,2,FALSE) -> 6 | K20: 2 | L20: =I20/13.1 -> 0.0050007068
A21: 18 | B21: 58 | C21: 0.11357639 | D21: ='leg 2'!C21-'Leg 1'!C21 -> 0.067696759 | E21: =VLOOKUP(B21,Registration!$B$3:$C$77,2,FALSE) -> 10 | F21: 18 | G21: 58 | H21: 0.11357639 | I21: =H21-'Leg 1'!C25 -> 0.066851852 | J21: =VLOOKUP(G21,[1]Registration!$B$3:$C$77,2,FALSE) -> 10 | K21: 4 | L21: =I21/13.1 -> 0.0051031948
A22: 19 | B22: 44 | C22: 0.11444444 | D22: ='leg 2'!C22-'Leg 1'!C22 -> 0.068402778 | E22: =VLOOKUP(B22,Registration!$B$3:$C$77,2,FALSE) -> 8 | F22: 19 | G22: 44 | H22: 0.11444444 | I22: =H22-'Leg 1'!C34 -> 0.062650463 | J22: =VLOOKUP(G22,[1]Registration!$B$3:$C$77,2,FALSE) -> 8 | K22: 4 | L22: =I22/13.1 -> 0.0047824781
A23: 20 | B23: 22 | C23: 0.11488426 | D23: ='leg 2'!C23-'Leg 1'!C23 -> 0.06849537 | E23: =VLOOKUP(B23,Registration!$B$3:$C$77,2,FALSE) -> 7 | F23: 20 | G23: 22 | H23: 0.11488426 | I23: =H23-'Leg 1'!C18 -> 0.070729167 | J23: =VLOOKUP(G23,[1]Registration!$B$3:$C$77,2,FALSE) -> 7 | K23: 1 | L23: =I23/13.1 -> 0.005399173
A24: 21 | B24: 53 | C24: 0.11509259 | D24: ='leg 2'!C24-'Leg 1'!C24 -> 0.068564815 | E24: =VLOOKUP(B24,Registration!$B$3:$C$77,2,FALSE) -> 9 | F24: 21 | G24: 53 | H24: 0.11509259 | I24: =H24-'Leg 1'!C29 -> 0.066712963 | J24: =VLOOKUP(G24,[1]Registration!$B$3:$C$77,2,FALSE) -> 9 | K24: 2 | L24: =I24/13.1 -> 0.0050925926
A25: 22 | B25: 62 | C25: 0.11592593 | D25: ='leg 2'!C25-'Leg 1'!C25 -> 0.069201389 | E25: =VLOOKUP(B25,Registration!$B$3:$C$77,2,FALSE) -> 10 | F25: 22 | G25: 62 | H25: 0.11592593 | I25: =H25-'Leg 1'!C24 -> 0.069398148 | J25: =VLOOKUP(G25,[1]Registration!$B$3:$C$77,2,FALSE) -> 10 | K25: 4 | L25: =I25/13.1 -> 0.0052975686
A26: 23 | B26: 34 | C26: 0.11775463 | D26: ='leg 2'!C26-'Leg 1'!C26 -> 0.070138889 | E26: =VLOOKUP(B26,Registration!$B$3:$C$77,2,FALSE) -> 8 | F26: 23 | G26: 34 | H26: 0.11775463 | I26: =H26-'Leg 1'!C26 -> 0.070138889 | J26: =VLOOKUP(G26,[1]Registration!$B$3:$C$77,2,FALSE) -> 8 | K26: 5 | L26: =I26/13.1 -> 0.0053541137
A27: 24 | B27: 15 | C27: 0.11988426 | D27: ='leg 2'!C27-'Leg 1'!C27 -> 0.071898148 | E27: =VLOOKUP(B27,Registration!$B$3:$C$77,2,FALSE) -> 6 | F27: 24 | G27: 15 | H27: 0.11988426 | I27: =H27-'Leg 1'!C45 -> 0.064710648 | J27: =VLOOKUP(G27,[1]Registration!$B$3:$C$77,2,FALSE) -> 6 | K27: 3 | L27: =I27/13.1 -> 0.0049397441
A28: 25 | B28: 30 | C28: 0.12069444 | D28: ='leg 2'!C28-'Leg 1'!C28 -> 0.072453704 | E28: =VLOOKUP(B28,Registration!$B$3:$C$77,2,FALSE) -> 8 | F28: 25 | G28: 30 | H28: 0.12069444 | I28: =H28-'Leg 1'!C41 -> 0.067291667 | J28: =VLOOKUP(G28,[1]Registration!$B$3:$C$77,2,FALSE) -> 8 | K28: 6 | L28: =I28/13.1 -> 0.0051367684
A29: 26 | B29: 46 | C29: 0.12155093 | D29: ='leg 2'!C29-'Leg 1'!C29 -> 0.073171296 | E29: =VLOOKUP(B29,Registration!$B$3:$C$77,2,FALSE) -> 8 | F29: 26 | G29: 46 | H29: 0.12155093 | I29: =H29-'Leg 1'!C22 -> 0.075509259 | J29: =VLOOKUP(G29,[1]Registration!$B$3:$C$77,2,FALSE) -> 8 | K29: 7 | L29: =I29/13.1 -> 0.0057640656
A30: 27 | B30: 56 | C30: 0.12405093 | D30: ='leg 2'!C30-'Leg 1'!C30 -> 0.075347222 | E30: =VLOOKUP(B30,Registration!$B$3:$C$77,2,FALSE) -> 9 | F30: 27 | G30: 56 | H30: 0.12405093 | I30: =H30-'Leg 1'!C33 -> 0.072766204 | J30: =VLOOKUP(G30,[1]Registration!$B$3:$C$77,2,FALSE) -> 9 | K30: 3 | L30: =I30/13.1 -> 0.005554672
A31: 28 | B31: 29 | C31: 0.12459491 | D31: ='leg 2'!C31-'Leg 1'!C31 -> 0.074780093 | E31: =VLOOKUP(B31,Registration!$B$3:$C$77,2,FALSE) -> 8 | F31: 28 | G31: 29 | H31: 0.12459491 | I31: =H31-'Leg 1'!C48 -> 0.068009259 | J31: =VLOOKUP(G31,[1]Registration!$B$3:$C$77,2,FALSE) -> 8 | K31: 8 | L31: =I31/13.1 -> 0.0051915465
A32: 29 | B32: 31 | C32: 0.12525463 | D32: ='leg 2'!C32-'Leg 1'!C32 -> 0.074085648 | E32: =VLOOKUP(B32,Registration!$B$3:$C$77,2,FALSE) -> 8 | F32: 29 | G32: 31 | H32: 0.12525463 | I32: =H32-'Leg 1'!C37 -> 0.072650463 | J32: =VLOOKUP(G32,[1]Registration!$B$3:$C$77,2,FALSE) -> 8 | K32: 9 | L32: =I32/13.1 -> 0.0055458369
A33: 30 | B33: 25 | C33: 0.12584491 | D33: ='leg 2'!C33-'Leg 1'!C33 -> 0.074560185 | E33: =VLOOKUP(B33,Registration!$B$3:$C$77,2,FALSE) -> 7 | F33: 30 | G33: 25 | H33: 0.12584491 | I33: =H33-'Leg 1'!C30 -> 0.077141204 | J33: =VLOOKUP(G33,[1]Registration!$B$3:$C$77,2,FALSE) -> 7 | K33: 2 | L33: =I33/13.1 -> 0.0058886415
A34: 31 | B34: 57 | C34: 0.12601852 | D34: ='leg 2'!C34-'Leg 1'!C34 -> 0.074224537 | E34: =VLOOKUP(B34,Registration!$B$3:$C$77,2,FALSE) -> 9 | F34: 31 | G34: 57 | H34: 0.12601852 | I34: =H34-'Leg 1'!C33 -> 0.074733796 | J34: =VLOOKUP(G34,[1]Registration!$B$3:$C$77,2,FALSE) -> 9 | K34: 4 | L34: =I34/13.1 -> 0.0057048699
A35: 32 | B35: 20 | C35: 0.12658565 | D35: ='leg 2'!C35-'Leg 1'!C35 -> 0.074710648 | E35: =VLOOKUP(B35,Registration!$B$3:$C$77,2,FALSE) -> 6 | F35: 32 | G35: 20 | H35: 0.12658565 | I35: =H35-'Leg 1'!C31 -> 0.076770833 | J35: =VLOOKUP(G35,[1]Registration!$B$3:$C$77,2,FALSE) -> 6 | K35: 4 | L35: =I35/13.1 -> 0.005860369
A36: 33 | B36: 32 | C36: 0.1268287 | D36: ='leg 2'!C36-'Leg 1'!C36 -> 0.074386574 | E36: =VLOOKUP(B36,Registration!$B$3:$C$77,2,FALSE) -> 8 | F36: 33 | G36: 32 | H36: 0.1268287 | I36: =H36-'Leg 1'!C20 -> 0.082118056 | J36: =VLOOKUP(G36,[1]Registration!$B$3:$C$77,2,FALSE) -> 8 | K36: 10 | L36: =I36/13.1 -> 0.0062685539
A37: 34 | B37: 16 | C37: 0.12887731 | D37: ='leg 2'!C37-'Leg 1'!C37 -> 0.076273148 | E37: =VLOOKUP(B37,Registration!$B$3:$C$77,2,FALSE) -> 6 | F37: 34 | G37: 16 | H37: 0.12887731 | I37: =H37-'Leg 1'!C39 -> 0.075972222 | J37: =VLOOKUP(G37,[1]Registration!$B$3:$C$77,2,FALSE) -> 6 | K37: 4 | L37: =I37/13.1 -> 0.0057994063
A38: 35 | B38: 61 | C38: 0.13016204 | D38: ='leg 2'!C38-'Leg 1'!C38 -> 0.077546296 | E38: =VLOOKUP(B38,Registration!$B$3:$C$77,2,FALSE) -> 10 | F38: 35 | G38: 61 | H38: 0.13016204 | I38: =H38-'Leg 1'!C35 -> 0.078287037 | J38: =VLOOKUP(G38,[1]Registration!$B$3:$C$77,2,FALSE) -> 10 | K38: 5 | L38: =I38/13.1 -> 0.0059761097
A39: 36 | B39: 33 | C39: 0.13027778 | D39: ='leg 2'!C39-'Leg 1'!C39 -> 0.077372685 | E39: =VLOOKUP(B39,Registration!$B$3:$C$77,2,FALSE) -> 8 | F39: 36 | G39: 33 | H39: 0.13027778 | I39: =H39-'Leg 1'!C57 -> 0.068842593 | J39: =VLOOKUP(G39,[1]Registration!$B$3:$C$77,2,FALSE) -> 8 | K39: 11 | L39: =I39/13.1 -> 0.0052551597
A40: 37 | B40: 11 | C40: 0.13347222 | D40: ='leg 2'!C40-'Leg 1'!C40 -> 0.080185185 | E40: =VLOOKUP(B40,Registration!$B$3:$C$77,2,FALSE) -> 3 | F40: 37 | G40: 11 | H40: 0.13347222 | I40: =H40-'Leg 1'!C36 -> 0.081030093 | J40: =VLOOKUP(G40,[1]Registration!$B$3:$C$77,2,FALSE) -> 3 | K40: 1 | L40: =I40/13.1 -> 0.0061855033
A41: 38 | B41: 60 | C41: 0.13421296 | D41: ='leg 2'!C41-'Leg 1'!C41 -> 0.080810185 | E41: =VLOOKUP(B41,Registration!$B$3:$C$77,2,FALSE) -> 10 | F41: 38 | G41: 60 | H41: 0.13421296 | I41: =H41-'Leg 1'!C32 -> 0.083043981 | J41: =VLOOKUP(G41,[1]Registration!$B$3:$C$77,2,FALSE) -> 10 | K41: 6 | L41: =I41/13.1 -> 0.0063392352
A42: 39 | B42: 41 | C42: 0.13475694 | D42: ='leg 2'!C42-'Leg 1'!C42 -> 0.081041667 | E42: =VLOOKUP(B42,Registration!$B$3:$C$77,2,FALSE) -> 8 | F42: 39 | G42: 41 | H42: 0.13475694 | J42: =VLOOKUP(G42,[1]Registration!$B$3:$C$77,2,FALSE) -> 8 | K42: 11 | L42: =I42/13.1 -> 0
A43: 40 | B43: 19 | C43: 0.13479167 | D43: ='leg 2'!C43-'Leg 1'!C43 -> 0.080983796 | E43: =VLOOKUP(B43,Registration!$B$3:$C$77,2,FALSE) -> 6 | F43: 40 | G43: 19 | H43: 0.13479167 | I43: =H43-'Leg 1'!C12 -> 0.095196759 | J43: =VLOOKUP(G43,[1]Registration!$B$3:$C$77,2,FALSE) -> 6 | K43: 5 | L43: =I43/13.1 -> 0.0072669282
A44: 41 | B44: 64 | C44: 0.13488426 | D44: ='leg 2'!C44-'Leg 1'!C44 -> 0.080381944 | E44: =VLOOKUP(B44,Registration!$B$3:$C$77,2,FALSE) -> 10 | F44: 41 | G44: 64 | H44: 0.13488426 | I44: =H44-'Leg 1'!C40 -> 0.081597222 | J44: =VLOOKUP(G44,[1]Registration!$B$3:$C$77,2,FALSE) -> 10 | K44: 12 | L44: =I44/13.1 -> 0.0062287956
A45: 42 | B45: 49 | C45: 0.13503472 | D45: ='leg 2'!C45-'Leg 1'!C45 -> 0.079861111 | E45: =VLOOKUP(B45,Registration!$B$3:$C$77,2,FALSE) -> 9 | F45: 42 | G45: 49 | H45: 0.13503472 | I45: =H45-'Leg 1'!C49 -> 0.07837963 | J45: =VLOOKUP(G45,[1]Registration!$B$3:$C$77,2,FALSE) -> 9 | K45: 5 | L45: =I45/13.1 -> 0.0059831778
A46: 43 | B46: 39 | C46: 0.13626157 | D46: ='leg 2'!C46-'Leg 1'!C46 -> 0.080717593 | E46: =VLOOKUP(B46,Registration!$B$3:$C$77,2,FALSE) -> 8 | F46: 43 | G46: 39 | H46: 0.13626157 | I46: =H46-'Leg 1'!C28 -> 0.088020833 | J46: =VLOOKUP(G46,[1]Registration!$B$3:$C$77,2,FALSE) -> 8 | K46: 11 | L46: =I46/13.1 -> 0.0067191476
A47: 44 | B47: 21 | C47: 0.13974537 | D47: ='leg 2'!C47-'Leg 1'!C47 -> 0.083738426 | E47: =VLOOKUP(B47,Registration!$B$3:$C$77,2,FALSE) -> 7 | F47: 44 | G47: 21 | H47: 0.13974537 | I47: =H47-'Leg 1'!C27 -> 0.091759259 | J47: =VLOOKUP(G47,[1]Registration!$B$3:$C$77,2,FALSE) -> 7 | K47: 3 | L47: =I47/13.1 -> 0.0070045236
A48: 45 | B48: 10 | C48: 0.140625 | D48: ='leg 2'!C48-'Leg 1'!C48 -> 0.084039352 | E48: =VLOOKUP(B48,Registration!$B$3:$C$77,2,FALSE) -> 3 | F48: 45 | G48: 10 | H48: 0.140625 | I48: =H48-'Leg 1'!C43 -> 0.08681713 | J48: =VLOOKUP(G48,[1]Registration!$B$3:$C$77,2,FALSE) -> 3 | K48: 2 | L48: =I48/13.1 -> 0.0066272618
A49: 46 | B49: 14 | C49: 0.14123843 | D49: ='leg 2'!C49-'Leg 1'!C49 -> 0.084583333 | E49: =VLOOKUP(B49,Registration!$B$3:$C$77,2,FALSE) -> 5 | F49: 46 | G49: 14 | H49: 0.14123843 | I49: =H49-'Leg 1'!C50 -> 0.084502315 | J49: =VLOOKUP(G49,[1]Registration!$B$3:$C$77,2,FALSE) -> 5 | K49: 1 | L49: =I49/13.1 -> 0.0064505584
A50: 47 | B50: 24 | C50: 0.1434375 | D50: ='leg 2'!C50-'Leg 1'!C50 -> 0.086701389 | E50: =VLOOKUP(B50,Registration!$B$3:$C$77,2,FALSE) -> 7 | F50: 47 | G50: 24 | H50: 0.1434375 | I50: =H50-'Leg 1'!C56 -> 0.082638889 | J50: =VLOOKUP(G50,[1]Registration!$B$3:$C$77,2,FALSE) -> 7 | K50: 4 | L50: =I50/13.1 -> 0.0063083121
A51: 48 | B51: 37 | C51: 0.14405093 | D51: ='leg 2'!C51-'Leg 1'!C51 -> 0.08681713 | E51: =VLOOKUP(B51,Registration!$B$3:$C$77,2,FALSE) -> 8 | F51: 48 | G51: 37 | H51: 0.14405093 | I51: =H51-'Leg 1'!C54 -> 0.084525463 | J51: =VLOOKUP(G51,[1]Registration!$B$3:$C$77,2,FALSE) -> 8 | K51: 12 | L51: =I51/13.1 -> 0.0064523254
A52: 49 | B52: 27 | C52: 0.14474537 | D52: ='leg 2'!C52-'Leg 1'!C52 -> 0.086585648 | E52: =VLOOKUP(B52,Registration!$B$3:$C$77,2,FALSE) -> 7 | F52: 49 | G52: 27 | H52: 0.14474537 | I52: =H52-'Leg 1'!C53 -> 0.085416667 | J52: =VLOOKUP(G52,[1]Registration!$B$3:$C$77,2,FALSE) -> 7 | K52: 5 | L52: =I52/13.1 -> 0.0065203562
A53: 50 | B53: 48 | C53: 0.14649306 | D53: ='leg 2'!C53-'Leg 1'!C53 -> 0.087164352 | E53: =VLOOKUP(B53,Registration!$B$3:$C$77,2,FALSE) -> 9 | F53: 50 | G53: 48 | H53: 0.14649306 | I53: =H53-'Leg 1'!C51 -> 0.089259259 | J53: =VLOOKUP(G53,[1]Registration!$B$3:$C$77,2,FALSE) -> 9 | K53: 6 | L53: =I53/13.1 -> 0.0068136839
A54: 51 | B54: 3 | C54: 0.14657407 | D54: ='leg 2'!C54-'Leg 1'!C54 -> 0.087048611 | E54: =VLOOKUP(B54,Registration!$B$3:$C$77,2,FALSE) -> 1 | F54: 51 | G54: 3 | H54: 0.14657407 | I54: =H54-'Leg 1'!C46 -> 0.091030093 | J54: =VLOOKUP(G54,[1]Registration!$B$3:$C$77,2,FALSE) -> 1 | K54: 8 | L54: =I54/13.1 -> 0.006948862
A55: 52 | B55: 54 | C55: 0.14837963 | D55: ='leg 2'!C55-'Leg 1'!C55 -> 0.088831019 | E55: =VLOOKUP(B55,Registration!$B$3:$C$77,2,FALSE) -> 9 | F55: 52 | G55: 54 | H55: 0.14837963 | I55: =H55-'Leg 1'!C47 -> 0.092372685 | J55: =VLOOKUP(G55,[1]Registration!$B$3:$C$77,2,FALSE) -> 9 | K55: 7 | L55: =I55/13.1 -> 0.00705135
A56: 53 | B56: 69 | C56: 0.1502662 | D56: ='leg 2'!C56-'Leg 1'!C56 -> 0.089467593 | E56: =VLOOKUP(B56,Registration!$B$3:$C$77,2,FALSE) -> 10 | F56: 53 | G56: 69 | H56: 0.1502662 | I56: =H56-'Leg 1'!C44 -> 0.095763889 | J56: =VLOOKUP(G56,[1]Registration!$B$3:$C$77,2,FALSE) -> 10 | K56: 13 | L56: =I56/13.1 -> 0.0073102205
A57: 54 | B57: 52 | C57: 0.15292824 | D57: ='leg 2'!C57-'Leg 1'!C57 -> 0.091493056 | E57: =VLOOKUP(B57,Registration!$B$3:$C$77,2,FALSE) -> 9 | F57: 54 | G57: 52 | H57: 0.15292824 | I57: =H57-'Leg 1'!C59 -> 0.090972222 | J57: =VLOOKUP(G57,[1]Registration!$B$3:$C$77,2,FALSE) -> 9 | K57: 8 | L57: =I57/13.1 -> 0.0069444444
A58: 55 | B58: 28 | C58: 0.1534375 | D58: ='leg 2'!C58-'Leg 1'!C58 -> 0.09162037 | E58: =VLOOKUP(B58,Registration!$B$3:$C$77,2,FALSE) -> 7 | F58: 55 | G58: 28 | H58: 0.1534375 | I58: =H58-'Leg 1'!C55 -> 0.093888889 | J58: =VLOOKUP(G58,[1]Registration!$B$3:$C$77,2,FALSE) -> 7 | K58: 6 | L58: =I58/13.1 -> 0.0071670908
A59: 56 | B59: 51 | C59: 0.15490741 | D59: ='leg 2'!C59-'Leg 1'!C59 -> 0.092951389 | E59: =VLOOKUP(B59,Registration!$B$3:$C$77,2,FALSE) -> 9 | F59: 56 | G59: 51 | H59: 0.15490741 | I59: =H59-'Leg 1'!C63 -> 0.084131944 | J59: =VLOOKUP(G59,[1]Registration!$B$3:$C$77,2,FALSE) -> 9 | K59: 9 | L59: =I59/13.1 -> 0.0064222858
A60: 57 | B60: 50 | C60: 0.15574074 | D60: ='leg 2'!C60-'Leg 1'!C60 -> 0.092696759 | E60: =VLOOKUP(B60,Registration!$B$3:$C$77,2,FALSE) -> 9 | F60: 57 | G60: 50 | H60: 0.15574074 | I60: =H60-'Leg 1'!C60 -> 0.092696759 | J60: =VLOOKUP(G60,[1]Registration!$B$3:$C$77,2,FALSE) -> 9 | K60: 10 | L60: =I60/13.1 -> 0.0070760885
A61: 58 | B61: 12 | C61: 0.1569213 | D61: ='leg 2'!C61-'Leg 1'!C61 -> 0.093715278 | E61: =VLOOKUP(B61,Registration!$B$3:$C$77,2,FALSE) -> 1 | F61: 58 | G61: 12 | H61: 0.1569213 | I61: =H61-'Leg 1'!C62 -> 0.089050926 | J61: =VLOOKUP(G61,[1]Registration!$B$3:$C$77,2,FALSE) -> 1 | K61: 9 | L61: =I61/13.1 -> 0.0067977806
A62: 59 | B62: 36 | C62: 0.15732639 | D62: ='leg 2'!C62-'Leg 1'!C62 -> 0.089456019 | E62: =VLOOKUP(B62,Registration!$B$3:$C$77,2,FALSE) -> 8 | F62: 59 | G62: 36 | H62: 0.15732639 | I62: =H62-'Leg 1'!C61 -> 0.09412037 | J62: =VLOOKUP(G62,[1]Registration!$B$3:$C$77,2,FALSE) -> 8 | K62: 13 | L62: =I62/13.1 -> 0.0071847611
A63: 60 | B63: 13 | C63: 0.15944444 | D63: ='leg 2'!C63-'Leg 1'!C63 -> 0.088668981 | E63: =VLOOKUP(B63,Registration!$B$3:$C$77,2,FALSE) -> 4 | F63: 60 | G63: 13 | H63: 0.15944444 | I63: =H63-'Leg 1'!C52 -> 0.10128472 | J63: =VLOOKUP(G63,[1]Registration!$B$3:$C$77,2,FALSE) -> 4 | K63: 1 | L63: =I63/13.1 -> 0.0077316582
A64: 61 | B64: 40 | C64: 0.16003472 | D64: ='leg 2'!C64-'Leg 1'!C64 -> 0.08912037 | E64: =VLOOKUP(B64,Registration!$B$3:$C$77,2,FALSE) -> 8 | F64: 61 | G64: 40 | H64: 0.16003472 | I64: =H64-'Leg 1'!C42 -> 0.10631944 | J64: =VLOOKUP(G64,[1]Registration!$B$3:$C$77,2,FALSE) -> 8 | K64: 14 | L64: =I64/13.1 -> 0.0081159881
A65: 62 | B65: 38 | C65: 0.16063657 | D65: ='leg 2'!C65-'Leg 1'!C65 -> 0.16063657 | E65: =VLOOKUP(B65,Registration!$B$3:$C$77,2,FALSE) -> 8 | F65: 62 | G65: 38 | H65: 0.16063657 | I65: =H65-'Leg 1'!C58 -> 0.098819444 | J65: =VLOOKUP(G65,[1]Registration!$B$3:$C$77,2,FALSE) -> 8 | K65: 15 | L65: =I65/13.1 -> 0.007543469
A66: 63 | B66: 26 | C66: 0.16741898 | D66: ='leg 2'!C66-'Leg 1'!C66 -> 0.16741898 | E66: =VLOOKUP(B66,Registration!$B$3:$C$77,2,FALSE) -> 7 | F66: 63 | G66: 26 | H66: 0.16741898 | I66: =H66-'Leg 1'!C64 -> 0.09650463 | J66: =VLOOKUP(G66,[1]Registration!$B$3:$C$77,2,FALSE) -> 7 | K66: 7 | L66: =I66/13.1 -> 0.0073667656
A67: 64 | B67: 23 | C67: 0.17450231 | D67: ='leg 2'!C67-'Leg 1'!C67 -> 0.17450231 | E67: =VLOOKUP(B67,Registration!$B$3:$C$77,2,FALSE) -> 7 | F67: 64 | G67: 23 | H67: 0.17450231 | I67: =H67-'Leg 1'!C38 -> 0.12188657 | J67: =VLOOKUP(G67,[1]Registration!$B$3:$C$77,2,FALSE) -> 7 | K67: 8 | L67: =I67/13.1 -> 0.0093043186
A68: 65 | F68: 65

Sheet Leg 3
A1: Leg 3 | B1: 2017 Tahoe Relay
G2: 9.6 miles
A3: Place | B3: Bib # | C3: Total Time | D3: Leg Time | E3: Div | F3: Div Place | G3: Pace
A4: 1 | B4: 68 | C4: 0.12679398 | D4: =C4-'leg 2'!H4 -> 0.03849537 | E4: =VLOOKUP(B4,Registration!$B$3:$C$77,2,FALSE) -> 1 | F4: 1 | G4: =D4/9.6 -> 0.0040099344
A5: 2 | B5: 1 | C5: 0.12943287 | D5: =C5-'leg 2'!H5 -> 0.038310185 | E5: =VLOOKUP(B5,Registration!$B$3:$C$77,2,FALSE) -> 1 | F5: 2 | G5: =D5/9.6 -> 0.0039906443
A6: 3 | B6: 5 | C6: 0.13413194 | D6: =C6-'leg 2'!H7 -> 0.039907407 | E6: =VLOOKUP(B6,Registration!$B$3:$C$77,2,FALSE) -> 1 | F6: 3 | G6: =D6/9.6 -> 0.0041570216
A7: 4 | B7: 7 | C7: 0.13548611 | D7: =C7-'leg 2'!H6 -> 0.041689815 | E7: =VLOOKUP(B7,Registration!$B$3:$C$77,2,FALSE) -> 1 | F7: 4 | G7: =D7/9.6 -> 0.004342689
A8: 5 | B8: 2 | C8: 0.13756944 | D8: =C8-'leg 2'!H8 -> 0.041793981 | E8: =VLOOKUP(B8,Registration!$B$3:$C$77,2,FALSE) -> 1 | F8: 5 | G8: =D8/9.6 -> 0.0043535397
A9: 6 | B9: 9 | C9: 0.13916667 | D9: =C9-'leg 2'!H9 -> 0.043148148 | E9: =VLOOKUP(B9,Registration!$B$3:$C$77,2,FALSE) -> 2 | F9: 1 | G9: =D9/9.6 -> 0.0044945988
A10: 7 | B10: 18 | C10: 0.14416667 | D10: =C10-'leg 2'!H11 -> 0.045717593 | E10: =VLOOKUP(B10,Registration!$B$3:$C$77,2,FALSE) -> 6 | F10: 1 | G10: =D10/9.6 -> 0.0047622492
A11: 8 | B11: 47 | C11: 0.14466435 | D11: =C11-'leg 2'!H10 -> 0.047453704 | E11: =VLOOKUP(B11,Registration!$B$3:$C$77,2,FALSE) -> 8 | F11: 1 | G11: =D11/9.6 -> 0.0049430941
A12: 9 | B12: 43 | C12: 0.15056713 | D12: =C12-'leg 2'!H14 -> 0.047060185 | E12: =VLOOKUP(B12,Registration!$B$3:$C$77,2,FALSE) -> 8 | F12: 2 | G12: =D12/9.6 -> 0.0049021026
A13: 10 | B13: 6 | C13: 0.15481481 | D13: =C13-'leg 2'!H12 -> 0.053634259 | E13: =VLOOKUP(B13,Registration!$B$3:$C$77,2,FALSE) -> 1 | F13: 6 | G13: =D13/9.6 -> 0.005586902
A14: 11 | B14: 63 | C14: 0.15778935 | D14: =C14-'leg 2'!H19 -> 0.04662037 | E14: =VLOOKUP(B14,Registration!$B$3:$C$77,2,FALSE) -> 10 | F14: 1 | G14: =D14/9.6 -> 0.0048562886
A15: 12 | B15: 59 | C15: 0.15790509 | D15: =C15-'leg 2'!H16 -> 0.051041667 | E15: =VLOOKUP(B15,Registration!$B$3:$C$77,2,FALSE) -> 10 | F15: 2 | G15: =D15/9.6 -> 0.0053168403
A16: 13 | B16: 45 | C16: 0.15940972 | D16: =C16-'leg 2'!H15 -> 0.053217593 | E16: =VLOOKUP(B16,Registration!$B$3:$C$77,2,FALSE) -> 8 | F16: 3 | G16: =D16/9.6 -> 0.0055434992
A17: 14 | B17: 17 | C17: 0.16005787 | D17: =C17-'leg 2'!H20 -> 0.048159722 | E17: =VLOOKUP(B17,Registration!$B$3:$C$77,2,FALSE) -> 6 | F17: 2 | G17: =D17/9.6 -> 0.0050166377
A18: 15 | B18: 65 | C18: 0.16023148 | D18: =C18-'leg 2'!H18 -> 0.04912037 | E18: =VLOOKUP(B18,Registration!$B$3:$C$77,2,FALSE) -> 10 | F18: 3 | G18: =D18/9.6 -> 0.0051167052
A19: 16 | B19: 4 | C19: 0.16292824 | D19: =C19-'leg 2'!H17 -> 0.053969907 | E19: =VLOOKUP(B19,Registration!$B$3:$C$77,2,FALSE) -> 1 | F19: 7 | G19: =D19/9.6 -> 0.0056218654
A20: 17 | B20: 58 | C20: 0.16502315 | D20: =C20-'leg 2'!H21 -> 0.051446759 | E20: =VLOOKUP(B20,Registration!$B$3:$C$77,2,FALSE) -> 10 | F20: 4 | G20: =D20/9.6 -> 0.0053590374
A21: 18 | B21: 62 | C21: 0.16528935 | D21: =C21-'leg 2'!H25 -> 0.049363426 | E21: =VLOOKUP(B21,Registration!$B$3:$C$77,2,FALSE) -> 10 | F21: 5 | G21: =D21/9.6 -> 0.0051420235
A22: 19 | B22: 34 | C22: 0.16677083 | D22: =C22-'leg 2'!H26 -> 0.049016204 | E22: =VLOOKUP(B22,Registration!$B$3:$C$77,2,FALSE) -> 8 | F22: 4 | G22: =D22/9.6 -> 0.0051058546
A23: 20 | B23: 53 | C23: 0.16711806 | D23: =C23-'leg 2'!H24 -> 0.052025463 | E23: =VLOOKUP(B23,Registration!$B$3:$C$77,2,FALSE) -> 9 | F23: 1 | G23: =D23/9.6 -> 0.0054193191
A24: 21 | B24: 15 | C24: 0.17052083 | D24: =C24-'leg 2'!H27 -> 0.050636574 | E24: =VLOOKUP(B24,Registration!$B$3:$C$77,2,FALSE) -> 6 | F24: 3 | G24: =D24/9.6 -> 0.0052746431
A25: 22 | B25: 44 | C25: 0.17105324 | D25: =C25-'leg 2'!H22 -> 0.056608796 | E25: =VLOOKUP(B25,Registration!$B$3:$C$77,2,FALSE) -> 8 | F25: 4 | G25: =D25/9.6 -> 0.0058967496
A26: 23 | B26: 46 | C26: 0.17315972 | D26: =C26-'leg 2'!H29 -> 0.051608796 | E26: =VLOOKUP(B26,Registration!$B$3:$C$77,2,FALSE) -> 8 | F26: 5 | G26: =D26/9.6 -> 0.0053759163
A27: 24 | B27: 30 | C27: 0.17710648 | D27: =C27-'leg 2'!H28 -> 0.056412037 | E27: =VLOOKUP(B27,Registration!$B$3:$C$77,2,FALSE) -> 8 | F27: 6 | G27: =D27/9.6 -> 0.0058762539
A28: 25 | B28: 55 | C28: 0.17855324 | D28: =C28-'leg 2'!H13 -> 0.07599537 | E28: =VLOOKUP(B28,Registration!$B$3:$C$77,2,FALSE) -> 9 | F28: 2 | G28: =D28/9.6 -> 0.0079161844
A29: 26 | B29: 56 | C29: 0.17899306 | D29: =C29-'leg 2'!H30 -> 0.05494213 | E29: =VLOOKUP(B29,Registration!$B$3:$C$77,2,FALSE) -> 9 | F29: 3 | G29: =D29/9.6 -> 0.0057231385
A30: 27 | B30: 25 | C30: 0.18009259 | D30: =C30-'leg 2'!H33 -> 0.054247685 | E30: =VLOOKUP(B30,Registration!$B$3:$C$77,2,FALSE) -> 7 | F30: 1 | G30: =D30/9.6 -> 0.0056508005
A31: 28 | B31: 32 | C31: 0.18020833 | D31: =C31-'leg 2'!H36 -> 0.05337963 | E31: =VLOOKUP(B31,Registration!$B$3:$C$77,2,FALSE) -> 8 | F31: 7 | G31: =D31/9.6 -> 0.0055603781
A32: 29 | B32: 22 | C32: 0.180625 | D32: =C32-'leg 2'!H23 -> 0.065740741 | E32: =VLOOKUP(B32,Registration!$B$3:$C$77,2,FALSE) -> 7 | F32: 2 | G32: =D32/9.6 -> 0.0068479938
A33: 30 | B33: 33 | C33: 0.18141204 | D33: =C33-'leg 2'!H39 -> 0.051134259 | E33: =VLOOKUP(B33,Registration!$B$3:$C$77,2,FALSE) -> 8 | F33: 8 | G33: =D33/9.6 -> 0.0053264853
A34: 31 | B34: 31 | C34: 0.18219907 | D34: =C34-'leg 2'!H32 -> 0.056944444 | E34: =VLOOKUP(B34,Registration!$B$3:$C$77,2,FALSE) -> 8 | F34: 9 | G34: =D34/9.6 -> 0.005931713
A35: 32 | B35: 57 | C35: 0.18236111 | D35: =C35-'leg 2'!H34 -> 0.056342593 | E35: =VLOOKUP(B35,Registration!$B$3:$C$77,2,FALSE) -> 9 | F35: 4 | G35: =D35/9.6 -> 0.0058690201
A36: 33 | B36: 10 | C36: 0.1840625 | D36: =C36-'leg 2'!H48 -> 0.0434375 | E36: =VLOOKUP(B36,Registration!$B$3:$C$77,2,FALSE) -> 3 | F36: 1 | G36: =D36/9.6 -> 0.0045247396
A37: 34 | B37: 16 | C37: 0.1855787 | D37: =C37-'leg 2'!H37 -> 0.056701389 | E37: =VLOOKUP(B37,Registration!$B$3:$C$77,2,FALSE) -> 6 | F37: 4 | G37: =D37/9.6 -> 0.0059063947
A38: 35 | B38: 11 | C38: 0.18677083 | D38: =C38-'leg 2'!H40 -> 0.053298611 | E38: =VLOOKUP(B38,Registration!$B$3:$C$77,2,FALSE) -> 3 | F38: 2 | G38: =D38/9.6 -> 0.0055519387
A39: 36 | B39: 29 | C39: 0.18731481 | D39: =C39-'leg 2'!H31 -> 0.062719907 | E39: =VLOOKUP(B39,Registration!$B$3:$C$77,2,FALSE) -> 8 | F39: 10 | G39: =D39/9.6 -> 0.0065333237
A40: 37 | B40: 19 | C40: 0.18810185 | D40: =C40-'leg 2'!H43 -> 0.053310185 | E40: =VLOOKUP(B40,Registration!$B$3:$C$77,2,FALSE) -> 6 | F40: 5 | G40: =D40/9.6 -> 0.0055531443
A41: 38 | B41: 61 | C41: 0.18832176 | D41: =C41-'leg 2'!H38 -> 0.058159722 | E41: =VLOOKUP(B41,Registration!$B$3:$C$77,2,FALSE) -> 10 | F41: 6 | G41: =D41/9.6 -> 0.0060583044
A42: 39 | B42: 20 | C42: 0.18916667 | D42: =C42-'leg 2'!H35 -> 0.062581019 | E42: =VLOOKUP(B42,Registration!$B$3:$C$77,2,FALSE) -> 6 | F42: 6 | G42: =D42/9.6 -> 0.0065188561
A43: 40 | B43: 64 | C43: 0.19467593 | D43: =C43-'leg 2'!H44 -> 0.059791667 | E43: =VLOOKUP(B43,Registration!$B$3:$C$77,2,FALSE) -> 10 | F43: 7 | G43: =D43/9.6 -> 0.0062282986
A44: 41 | B44: 39 | C44: 0.1955787 | D44: =C44-'leg 2'!H46 -> 0.05931713 | E44: =VLOOKUP(B44,Registration!$B$3:$C$77,2,FALSE) -> 8 | F44: 11 | G44: =D44/9.6 -> 0.0061788677
A45: 42 | B45: 41 | C45: 0.19644676 | D45: =C45-'leg 2'!H42 -> 0.061689815 | E45: =VLOOKUP(B45,Registration!$B$3:$C$77,2,FALSE) -> 8 | F45: 12 | G45: =D45/9.6 -> 0.0064260224
A46: 43 | B46: 60 | C46: 0.19700231 | D46: =C46-'leg 2'!H41 -> 0.062789352 | E46: =VLOOKUP(B46,Registration!$B$3:$C$77,2,FALSE) -> 10 | F46: 8 | G46: =D46/9.6 -> 0.0065405575
A47: 44 | B47: 24 | C47: 0.19877315 | D47: =C47-'leg 2'!H50 -> 0.055335648 | E47: =VLOOKUP(B47,Registration!$B$3:$C$77,2,FALSE) -> 7 | F47: 3 | G47: =D47/9.6 -> 0.00576413
A48: 45 | B48: 37 | C48: 0.1993287 | D48: =C48-'leg 2'!H51 -> 0.055277778 | E48: =VLOOKUP(B48,Registration!$B$3:$C$77,2,FALSE) -> 8 | F48: 13 | G48: =D48/9.6 -> 0.0057581019
A49: 46 | B49: 21 | C49: 0.20134259 | D49: =C49-'leg 2'!H47 -> 0.061597222 | E49: =VLOOKUP(B49,Registration!$B$3:$C$77,2,FALSE) -> 7 | F49: 4 | G49: =D49/9.6 -> 0.0064163773
A50: 47 | B50: 14 | C50: 0.20407407 | D50: =C50-'leg 2'!H49 -> 0.062835648 | E50: =VLOOKUP(B50,Registration!$B$3:$C$77,2,FALSE) -> 5 | F50: 1 | G50: =D50/9.6 -> 0.00654538
A51: 48 | B51: 49 | C51: 0.20431713 | D51: =C51-'leg 2'!H45 -> 0.069282407 | E51: =VLOOKUP(B51,Registration!$B$3:$C$77,2,FALSE) -> 9 | F51: 5 | G51: =D51/9.6 -> 0.0072169174
A52: 49 | B52: 48 | C52: 0.20619213 | D52: =C52-'leg 2'!H53 -> 0.059699074 | E52: =VLOOKUP(B52,Registration!$B$3:$C$77,2,FALSE) -> 9 | F52: 6 | G52: =D52/9.6 -> 0.0062186535
A53: 50 | B53: 50 | C53: 0.21037037 | D53: =C53-'leg 2'!H60 -> 0.05462963 | E53: =VLOOKUP(B53,Registration!$B$3:$C$77,2,FALSE) -> 9 | F53: 7 | G53: =D53/9.6 -> 0.0056905864
A54: 51 | B54: 3 | C54: 0.21123843 | D54: =C54-'leg 2'!H54 -> 0.064664352 | E54: =VLOOKUP(B54,Registration!$B$3:$C$77,2,FALSE) -> 1 | F54: 8 | G54: =D54/9.6 -> 0.00673587
A55: 52 | B55: 69 | C55: 0.21200231 | D55: =C55-'leg 2'!H56 -> 0.061736111 | E55: =VLOOKUP(B55,Registration!$B$3:$C$77,2,FALSE) -> 10 | F55: 9 | G55: =D55/9.6 -> 0.0064308449
A56: 53 | B56: 12 | C56: 0.21421296 | D56: =C56-'leg 2'!H61 -> 0.057291667 | E56: =VLOOKUP(B56,Registration!$B$3:$C$77,2,FALSE) -> 1 | F56: 9 | G56: =D56/9.6 -> 0.0059678819
A57: 54 | B57: 27 | C57: 0.21697917 | D57: =C57-'leg 2'!H52 -> 0.072233796 | E57: =VLOOKUP(B57,Registration!$B$3:$C$77,2,FALSE) -> 7 | F57: 5 | G57: =D57/9.6 -> 0.0075243538
A58: 55 | B58: 28 | C58: 0.21884259 | D58: =C58-'leg 2'!H58 -> 0.065405093 | E58: =VLOOKUP(B58,Registration!$B$3:$C$77,2,FALSE) -> 7 | F58: 6 | G58: =D58/9.6 -> 0.0068130305
A59: 56 | B59: 38 | C59: 0.22163194 | D59: =C59-'leg 2'!H65 -> 0.06099537 | E59: =VLOOKUP(B59,Registration!$B$3:$C$77,2,FALSE) -> 8 | F59: 14 | G59: =D59/9.6 -> 0.0063536844
A60: 57 | B60: 54 | C60: 0.22199074 | D60: =C60-'leg 2'!H55 -> 0.073611111 | E60: =VLOOKUP(B60,Registration!$B$3:$C$77,2,FALSE) -> 9 | F60: 8 | G60: =D60/9.6 -> 0.0076678241
A61: 58 | B61: 51 | C61: 0.22517361 | D61: =C61-'leg 2'!H59 -> 0.070266204 | E61: =VLOOKUP(B61,Registration!$B$3:$C$77,2,FALSE) -> 9 | F61: 9 | G61: =D61/9.6 -> 0.0073193962
A62: 59 | B62: 40 | C62: 0.22736111 | D62: =C62-'leg 2'!H64 -> 0.067326389 | E62: =VLOOKUP(B62,Registration!$B$3:$C$77,2,FALSE) -> 8 | F62: 15 | G62: =D62/9.6 -> 0.0070131655
A63: 60 | B63: 67 | C63: 0.22886574 | E63: =VLOOKUP(B63,Registration!$B$3:$C$77,2,FALSE) -> 12 | F63: 1 | G63: =D63/9.6 -> 0
A64: 61 | B64: 26 | C64: 0.23292824 | D64: =C64-'leg 2'!H66 -> 0.065509259 | E64: =VLOOKUP(B64,Registration!$B$3:$C$77,2,FALSE) -> 7 | F64: 7 | G64: =D64/9.6 -> 0.0068238812
A65: 62 | B65: 23 | C65: 0.23513889 | D65: =C65-'Leg 3'!C6 -> 0.10100694 | E65: =VLOOKUP(B65,Registration!$B$3:$C$77,2,FALSE) -> 7 | F65: 8 | G65: =D65/9.6 -> 0.010521557
A66: 63 | B66: 52 | C66: 0.23532407 | D66: =C66-'leg 2'!H57 -> 0.082395833 | E66: =VLOOKUP(B66,Registration!$B$3:$C$77,2,FALSE) -> 9 | F66: 10 | G66: =D66/9.6 -> 0.0085828993
A67: 64 | B67: 36 | C67: 0.23659722 | D67: =C67-'leg 2'!H62 -> 0.079270833 | E67: =VLOOKUP(B67,Registration!$B$3:$C$77,2,FALSE) -> 8 | F67: 16 | G67: =D67/9.6 -> 0.0082573785
A68: 65 | B68: 13 | C68: 0.24019676 | D68: =C68-'leg 2'!H63 -> 0.080752315 | E68: =VLOOKUP(B68,Registration!$B$3:$C$77,2,FALSE) -> 4 | F68: 1 | G68: =D68/9.6 -> 0.0084116995

Sheet Leg 4
A1: Leg 4 | B1: 2017 Tahoe Relay
G2: 9.5 miles
A3: Place | B3: Bib # | C3: Total Time | D3: Leg Time | E3: Div | F3: Div Place | G3: Pace
A4: 1 | B4: 68 | C4: 0.16359954 | D4: =C4-'Leg 3'!C4 -> 0.036805556 | E4: =VLOOKUP(B4,Registration!$B$3:$C$77,2,FALSE) -> 1 | F4: 1 | G4: =D4/9.5 -> 0.003874269
A5: 2 | B5: 1 | C5: 0.16717593 | D5: =C5-'Leg 3'!C5 -> 0.037743056 | E5: =VLOOKUP(B5,Registration!$B$3:$C$77,2,FALSE) -> 1 | F5: 2 | G5: =D5/9.5 -> 0.0039729532
A6: 3 | B6: 9 | C6: 0.17549769 | D6: =C6-'Leg 3'!C9 -> 0.036331019 | E6: =VLOOKUP(B6,Registration!$B$3:$C$77,2,FALSE) -> 2 | F6: 1 | G6: =D6/9.5 -> 0.0038243177
A7: 4 | B7: 7 | C7: 0.17715278 | D7: =C7-'Leg 3'!C7 -> 0.041666667 | E7: =VLOOKUP(B7,Registration!$B$3:$C$77,2,FALSE) -> 1 | F7: 3 | G7: =D7/9.5 -> 0.0043859649
A8: 5 | B8: 5 | C8: 0.17966435 | D8: =C8-'Leg 3'!C6 -> 0.045532407 | E8: =VLOOKUP(B8,Registration!$B$3:$C$77,2,FALSE) -> 1 | F8: 4 | G8: =D8/9.5 -> 0.004792885
A9: 6 | B9: 2 | C9: 0.18268519 | D9: =C9-'Leg 3'!C8 -> 0.045115741 | E9: =VLOOKUP(B9,Registration!$B$3:$C$77,2,FALSE) -> 1 | F9: 5 | G9: =D9/9.5 -> 0.0047490253
A10: 7 | B10: 18 | C10: 0.19079861 | D10: =C10-'Leg 3'!C10 -> 0.046631944 | E10: =VLOOKUP(B10,Registration!$B$3:$C$77,2,FALSE) -> 6 | F10: 1 | G10: =D10/9.5 -> 0.0049086257
A11: 8 | B11: 47 | C11: 0.19412037 | D11: =C11-'Leg 3'!C11 -> 0.049456019 | E11: =VLOOKUP(B11,Registration!$B$3:$C$77,2,FALSE) -> 8 | F11: 1 | G11: =D11/9.5 -> 0.0052058967
A12: 9 | B12: 43 | C12: 0.19982639 | D12: =C12-'Leg 3'!C12 -> 0.049259259 | E12: =VLOOKUP(B12,Registration!$B$3:$C$77,2,FALSE) -> 8 | F12: 2 | G12: =D12/9.5 -> 0.0051851852
A13: 10 | B13: 45 | C13: 0.2006713 | D13: =C13-'Leg 3'!C16 -> 0.041261574 | E13: =VLOOKUP(B13,Registration!$B$3:$C$77,2,FALSE) -> 8 | F13: 3 | G13: =D13/9.5 -> 0.0043433236
A14: 11 | B14: 59 | C14: 0.20386574 | D14: =C14-'Leg 3'!C15 -> 0.045960648 | E14: =VLOOKUP(B14,Registration!$B$3:$C$77,2,FALSE) -> 10 | F14: 1 | G14: =D14/9.5 -> 0.004837963
A15: 12 | B15: 6 | C15: 0.20702546 | D15: =C15-'Leg 3'!C13 -> 0.052210648 | E15: =VLOOKUP(B15,Registration!$B$3:$C$77,2,FALSE) -> 1 | F15: 6 | G15: =D15/9.5 -> 0.0054958577
A16: 13 | B16: 17 | C16: 0.20725694 | D16: =C16-'Leg 3'!C17 -> 0.047199074 | E16: =VLOOKUP(B16,Registration!$B$3:$C$77,2,FALSE) -> 6 | F16: 2 | G16: =D16/9.5 -> 0.0049683236
A17: 14 | B17: 63 | C17: 0.20803241 | D17: =C17-'Leg 3'!C14 -> 0.050243056 | E17: =VLOOKUP(B17,Registration!$B$3:$C$77,2,FALSE) -> 10 | F17: 2 | G17: =D17/9.5 -> 0.0052887427
A18: 15 | B18: 4 | C18: 0.21232639 | D18: =C18-'Leg 3'!C19 -> 0.049398148 | E18: =VLOOKUP(B18,Registration!$B$3:$C$77,2,FALSE) -> 1 | F18: 7 | G18: =D18/9.5 -> 0.0051998051
A19: 16 | B19: 58 | C19: 0.21234954 | D19: =C19-'Leg 3'!C20 -> 0.047326389 | E19: =VLOOKUP(B19,Registration!$B$3:$C$77,2,FALSE) -> 10 | F19: 3 | G19: =D19/9.5 -> 0.0049817251
A20: 17 | B20: 34 | C20: 0.21326389 | D20: =C20-'Leg 3'!C22 -> 0.046493056 | E20: =VLOOKUP(B20,Registration!$B$3:$C$77,2,FALSE) -> 8 | F20: 4 | G20: =D20/9.5 -> 0.0048940058
A21: 18 | B21: 53 | C21: 0.21516204 | D21: =C21-'Leg 3'!C23 -> 0.048043981 | E21: =VLOOKUP(B21,Registration!$B$3:$C$77,2,FALSE) -> 9 | F21: 1 | G21: =D21/9.5 -> 0.0050572612
A22: 19 | B22: 62 | C22: 0.21885417 | D22: =C22-'Leg 3'!C21 -> 0.053564815 | E22: =VLOOKUP(B22,Registration!$B$3:$C$77,2,FALSE) -> 10 | F22: 4 | G22: =D22/9.5 -> 0.0056384016
A23: 20 | B23: 65 | C23: 0.21981481 | D23: =C23-'Leg 3'!C18 -> 0.059583333 | E23: =VLOOKUP(B23,Registration!$B$3:$C$77,2,FALSE) -> 10 | F23: 5 | G23: =D23/9.5 -> 0.0062719298
A24: 21 | B24: 15 | C24: 0.22016204 | D24: =C24-'Leg 3'!C24 -> 0.049641204 | E24: =VLOOKUP(B24,Registration!$B$3:$C$77,2,FALSE) -> 6 | F24: 3 | G24: =D24/9.5 -> 0.0052253899
A25: 22 | B25: 46 | C25: 0.22814815 | D25: =C25-'Leg 3'!C26 -> 0.054988426 | E25: =VLOOKUP(B25,Registration!$B$3:$C$77,2,FALSE) -> 8 | F25: 5 | G25: =D25/9.5 -> 0.0057882554
A26: 23 | B26: 56 | C26: 0.22868056 | D26: =C26-'Leg 3'!C29 -> 0.0496875 | E26: =VLOOKUP(B26,Registration!$B$3:$C$77,2,FALSE) -> 9 | F26: 2 | G26: =D26/9.5 -> 0.0052302632
A27: 24 | B27: 44 | C27: 0.2315625 | D27: =C27-'Leg 3'!C25 -> 0.060509259 | E27: =VLOOKUP(B27,Registration!$B$3:$C$77,2,FALSE) -> 8 | F27: 6 | G27: =D27/9.5 -> 0.0063693957
A28: 25 | B28: 30 | C28: 0.23525463 | D28: =C28-'Leg 3'!C27 -> 0.058148148 | E28: =VLOOKUP(B28,Registration!$B$3:$C$77,2,FALSE) -> 8 | F28: 7 | G28: =D28/9.5 -> 0.0061208577
A29: 26 | B29: 61 | C29: 0.23547454 | D29: =C29-'Leg 3'!C41 -> 0.047152778 | E29: =VLOOKUP(B29,Registration!$B$3:$C$77,2,FALSE) -> 10 | F29: 6 | G29: =D29/9.5 -> 0.0049634503
A30: 27 | B30: 19 | C30: 0.23675926 | D30: =C30-'Leg 3'!C40 -> 0.048657407 | E30: =VLOOKUP(B30,Registration!$B$3:$C$77,2,FALSE) -> 6 | F30: 4 | G30: =D30/9.5 -> 0.0051218324
A31: 28 | B31: 57 | C31: 0.23821759 | D31: =C31-'Leg 3'!C35 -> 0.055856481 | E31: =VLOOKUP(B31,Registration!$B$3:$C$77,2,FALSE) -> 9 | F31: 3 | G31: =D31/9.5 -> 0.0058796296
A32: 29 | B32: 31 | C32: 0.23989583 | D32: =C32-'Leg 3'!C34 -> 0.057696759 | E32: =VLOOKUP(B32,Registration!$B$3:$C$77,2,FALSE) -> 8 | F32: 8 | G32: =D32/9.5 -> 0.0060733431
A33: 30 | B33: 22 | C33: 0.24032407 | D33: =C33-'Leg 3'!C32 -> 0.059699074 | E33: =VLOOKUP(B33,Registration!$B$3:$C$77,2,FALSE) -> 7 | F33: 1 | G33: =D33/9.5 -> 0.0062841131
A34: 31 | B34: 29 | C34: 0.24052083 | D34: =C34-'Leg 3'!C39 -> 0.053206019 | E34: =VLOOKUP(B34,Registration!$B$3:$C$77,2,FALSE) -> 8 | F34: 8 | G34: =D34/9.5 -> 0.0056006335
A35: 32 | B35: 11 | C35: 0.24208333 | D35: =C35-'Leg 3'!C38 -> 0.0553125 | E35: =VLOOKUP(B35,Registration!$B$3:$C$77,2,FALSE) -> 3 | F35: 1 | G35: =D35/9.5 -> 0.0058223684
A36: 33 | B36: 20 | C36: 0.24255787 | D36: =C36-'Leg 3'!C42 -> 0.053391204 | E36: =VLOOKUP(B36,Registration!$B$3:$C$77,2,FALSE) -> 6 | F36: 5 | G36: =D36/9.5 -> 0.0056201267
A37: 34 | B37: 32 | C37: 0.24287037 | D37: =C37-'Leg 3'!C31 -> 0.062662037 | E37: =VLOOKUP(B37,Registration!$B$3:$C$77,2,FALSE) -> 8 | F37: 9 | G37: =D37/9.5 -> 0.0065960039
A38: 35 | B38: 10 | C38: 0.24292824 | D38: =C38-'Leg 3'!C36 -> 0.058865741 | E38: =VLOOKUP(B38,Registration!$B$3:$C$77,2,FALSE) -> 3 | F38: 2 | G38: =D38/9.5 -> 0.0061963938
A39: 36 | B39: 16 | C39: 0.245 | D39: =C39-'Leg 3'!C37 -> 0.059421296 | E39: =VLOOKUP(B39,Registration!$B$3:$C$77,2,FALSE) -> 6 | F39: 6 | G39: =D39/9.5 -> 0.0062548733
A40: 37 | B40: 41 | C40: 0.2450463 | D40: =C40-'Leg 3'!C45 -> 0.048599537 | E40: =VLOOKUP(B40,Registration!$B$3:$C$77,2,FALSE) -> 8 | F40: 9 | G40: =D40/9.5 -> 0.0051157407
A41: 38 | B41: 25 | C41: 0.24638889 | D41: =C41-'Leg 3'!C30 -> 0.066296296 | E41: =VLOOKUP(B41,Registration!$B$3:$C$77,2,FALSE) -> 7 | F41: 2 | G41: =D41/9.5 -> 0.0069785575
A42: 39 | B42: 39 | C42: 0.25467593 | D42: =C42-'Leg 3'!C44 -> 0.059097222 | E42: =VLOOKUP(B42,Registration!$B$3:$C$77,2,FALSE) -> 8 | F42: 10 | G42: =D42/9.5 -> 0.0062207602
A43: 40 | B43: 48 | C43: 0.25582176 | D43: =C43-'Leg 3'!C52 -> 0.04962963 | E43: =VLOOKUP(B43,Registration!$B$3:$C$77,2,FALSE) -> 9 | F43: 4 | G43: =D43/9.5 -> 0.0052241715
A44: 41 | B44: 24 | C44: 0.25813657 | D44: =C44-'Leg 3'!C47 -> 0.059363426 | E44: =VLOOKUP(B44,Registration!$B$3:$C$77,2,FALSE) -> 7 | F44: 3 | G44: =D44/9.5 -> 0.0062487817
A45: 42 | B45: 33 | C45: 0.25914352 | D45: =C45-'Leg 3'!C33 -> 0.077731481 | E45: =VLOOKUP(B45,Registration!$B$3:$C$77,2,FALSE) -> 8 | F45: 11 | G45: =D45/9.5 -> 0.0081822612
A46: 43 | B46: 21 | C46: 0.25934028 | D46: =C46-'Leg 3'!C49 -> 0.057997685 | E46: =VLOOKUP(B46,Registration!$B$3:$C$77,2,FALSE) -> 7 | F46: 4 | G46: =D46/9.5 -> 0.0061050195
A47: 44 | B47: 49 | C47: 0.26052083 | D47: =C47-'Leg 3'!C51 -> 0.056203704 | E47: =VLOOKUP(B47,Registration!$B$3:$C$77,2,FALSE) -> 9 | F47: 4 | G47: =D47/9.5 -> 0.0059161793
A48: 45 | B48: 37 | C48: 0.26118056 | D48: =C48-'Leg 3'!C48 -> 0.061851852 | E48: =VLOOKUP(B48,Registration!$B$3:$C$77,2,FALSE) -> 8 | F48: 10 | G48: =D48/9.5 -> 0.0065107212
A49: 46 | B49: 55 | C49: 0.26133102 | D49: =C49-'Leg 3'!C28 -> 0.082777778 | E49: =VLOOKUP(B49,Registration!$B$3:$C$77,2,FALSE) -> 9 | F49: 5 | G49: =D49/9.5 -> 0.0087134503
A50: 47 | B50: 14 | C50: 0.26243056 | D50: =C50-'Leg 3'!C50 -> 0.058356481 | E50: =VLOOKUP(B50,Registration!$B$3:$C$77,2,FALSE) -> 5 | F50: 1 | G50: =D50/9.5 -> 0.0061427875
A51: 48 | B51: 64 | C51: 0.26320602 | D51: =C51-'Leg 3'!C43 -> 0.068530093 | E51: =VLOOKUP(B51,Registration!$B$3:$C$77,2,FALSE) -> 10 | F51: 7 | G51: =D51/9.5 -> 0.007213694
A52: 49 | B52: 60 | C52: 0.27028935 | D52: =C52-'Leg 3'!C46 -> 0.073287037 | E52: =VLOOKUP(B52,Registration!$B$3:$C$77,2,FALSE) -> 10 | F52: 8 | G52: =D52/9.5 -> 0.007714425
A53: 50 | B53: 50 | C53: 0.27063657 | D53: =C53-'Leg 3'!C53 -> 0.060266204 | E53: =VLOOKUP(B53,Registration!$B$3:$C$77,2,FALSE) -> 9 | F53: 5 | G53: =D53/9.5 -> 0.0063438109
A54: 51 | B54: 38 | C54: 0.27618056 | D54: =C54-'Leg 3'!C59 -> 0.054548611 | E54: =VLOOKUP(B54,Registration!$B$3:$C$77,2,FALSE) -> 8 | F54: 11 | G54: =D54/9.5 -> 0.0057419591
A55: 52 | B55: 3 | C55: 0.28070602 | D55: =C55-'Leg 3'!C54 -> 0.069467593 | E55: =VLOOKUP(B55,Registration!$B$3:$C$77,2,FALSE) -> 1 | F55: 8 | G55: =D55/9.5 -> 0.0073123782
A56: 53 | B56: 28 | C56: 0.28055556 | D56: =C56-'Leg 3'!C58 -> 0.061712963 | E56: =VLOOKUP(B56,Registration!$B$3:$C$77,2,FALSE) -> 7 | F56: 4 | G56: =D56/9.5 -> 0.0064961014
A57: 54 | B57: 69 | C57: 0.28795139 | D57: =C57-'Leg 3'!C55 -> 0.075949074 | E57: =VLOOKUP(B57,Registration!$B$3:$C$77,2,FALSE) -> 10 | F57: 9 | G57: =D57/9.5 -> 0.0079946394
A58: 55 | B58: 12 | C58: 0.29068287 | D58: =C58-'Leg 3'!C56 -> 0.076469907 | E58: =VLOOKUP(B58,Registration!$B$3:$C$77,2,FALSE) -> 1 | F58: 9 | G58: =D58/9.5 -> 0.0080494639
A59: 56 | B59: 54 | C59: 0.29263889 | D59: =C59-'Leg 3'!C60 -> 0.070648148 | E59: =VLOOKUP(B59,Registration!$B$3:$C$77,2,FALSE) -> 9 | F59: 6 | G59: =D59/9.5 -> 0.0074366472
A60: 57 | B60: 40 | C60: 0.29268519 | D60: =C60-'Leg 3'!C62 -> 0.065324074 | E60: =VLOOKUP(B60,Registration!$B$3:$C$77,2,FALSE) -> 8 | F60: 12 | G60: =D60/9.5 -> 0.0068762183
A61: 58 | B61: 36 | C61: 0.29675926 | D61: =C61-'Leg 3'!C67 -> 0.060162037 | E61: =VLOOKUP(B61,Registration!$B$3:$C$77,2,FALSE) -> 8 | F61: 13 | G61: =D61/9.5 -> 0.006332846
A62: 59 | B62: 27 | C62: 0.29684028 | D62: =C62-'Leg 3'!C57 -> 0.079861111 | E62: =VLOOKUP(B62,Registration!$B$3:$C$77,2,FALSE) -> 7 | F62: 5 | G62: =D62/9.5 -> 0.0084064327
A63: 60 | B63: 51 | C63: 0.30075231 | D63: =C63-'Leg 3'!C61 -> 0.075578704 | E63: =VLOOKUP(B63,Registration!$B$3:$C$77,2,FALSE) -> 9 | F63: 7 | G63: =D63/9.5 -> 0.007955653
A64: 61 | B64: 23 | C64: 0.30516204 | D64: =C64-'Leg 3'!C65 -> 0.070023148 | E64: =VLOOKUP(B64,Registration!$B$3:$C$77,2,FALSE) -> 7 | F64: 6 | G64: =D64/9.5 -> 0.0073708577
A65: 62 | B65: 13 | C65: 0.31140046 | D65: =C65-'Leg 3'!C68 -> 0.071203704 | E65: =VLOOKUP(B65,Registration!$B$3:$C$77,2,FALSE) -> 4 | F65: 1 | G65: =D65/9.5 -> 0.0074951267
A66: 63 | B66: 26 | C66: 0.32429398 | D66: =C66-'Leg 3'!C64 -> 0.091365741 | E66: =VLOOKUP(B66,Registration!$B$3:$C$77,2,FALSE) -> 7 | F66: 6 | G66: =D66/9.5 -> 0.0096174464
A67: 64 | B67: 66 | C67: 0.35241898 | E67: =VLOOKUP(B67,Registration!$B$3:$C$77,2,FALSE) -> 11 | F67: 1 | G67: =D67/9.5 -> 0
A68: 65 | B68: 67 | C68: 0.35688657 | D68: =C68-'Leg 3'!C63 -> 0.12802083 | E68: =VLOOKUP(B68,Registration!$B$3:$C$77,2,FALSE) -> 12 | F68: 1 | G68: =D68/9.5 -> 0.013475877

Sheet Leg 5
A1: Leg 5 | B1: 2017 Tahoe Relay
G2: 10.7 Miles
A3: Place | B3: Bib # | C3: Total Time | D3: Leg Time | E3: Div | F3: Div Place | G3: Pace
A4: 1 | B4: 68 | C4: 0.19872685 | D4: =C4-'Leg 4'!C4 -> 0.035127315 | E4: =VLOOKUP(B4,Registration!$B$3:$C$77,2,FALSE) -> 1 | F4: 1 | G4: =D4/10.7 -> 0.0032829266
A5: 2 | B5: 1 | C5: 0.20804398 | D5: =C5-'Leg 4'!C5 -> 0.040868056 | E5: =VLOOKUP(B5,Registration!$B$3:$C$77,2,FALSE) -> 1 | F5: 2 | G5: =D5/10.7 -> 0.0038194444
A6: 3 | B6: 7 | C6: 0.22209491 | D6: =C6-'Leg 4'!C7 -> 0.04494213 | E6: =VLOOKUP(B6,Registration!$B$3:$C$77,2,FALSE) -> 1 | F6: 3 | G6: =D6/10.7 -> 0.004200199
A7: 4 | B7: 9 | C7: 0.2233912 | D7: =C7-'Leg 4'!C6 -> 0.047893519 | E7: =VLOOKUP(B7,Registration!$B$3:$C$77,2,FALSE) -> 2 | F7: 1 | G7: =D7/10.7 -> 0.0044760298
A8: 5 | B8: 5 | C8: 0.22622685 | D8: =C8-'Leg 4'!C8 -> 0.0465625 | E8: =VLOOKUP(B8,Registration!$B$3:$C$77,2,FALSE) -> 1 | F8: 4 | G8: =D8/10.7 -> 0.0043516355
A9: 6 | B9: 2 | C9: 0.23096065 | D9: =C9-'Leg 4'!C9 -> 0.048275463 | E9: =VLOOKUP(B9,Registration!$B$3:$C$77,2,FALSE) -> 1 | F9: 5 | G9: =D9/10.7 -> 0.0045117255
A10: 7 | B10: 47 | C10: 0.24315972 | D10: =C10-'Leg 4'!C11 -> 0.049039352 | E10: =VLOOKUP(B10,Registration!$B$3:$C$77,2,FALSE) -> 8 | F10: 1 | G10: =D10/10.7 -> 0.004583117
A11: 8 | B11: 18 | C11: 0.24607639 | D11: =C11-'Leg 4'!C10 -> 0.055277778 | E11: =VLOOKUP(B11,Registration!$B$3:$C$77,2,FALSE) -> 6 | F11: 1 | G11: =D11/10.7 -> 0.0051661475
A12: 9 | B12: 43 | C12: 0.25123843 | D12: =C12-'Leg 4'!C12 -> 0.051412037 | E12: =VLOOKUP(B12,Registration!$B$3:$C$77,2,FALSE) -> 8 | F12: 2 | G12: =D12/10.7 -> 0.0048048633
A13: 10 | B13: 6 | C13: 0.25428241 | D13: =C13-'Leg 4'!C15 -> 0.047256944 | E13: =VLOOKUP(B13,Registration!$B$3:$C$77,2,FALSE) -> 1 | F13: 6 | G13: =D13/10.7 -> 0.0044165369
A14: 11 | B14: 59 | C14: 0.25967593 | D14: =C14-'Leg 4'!C14 -> 0.055810185 | E14: =VLOOKUP(B14,Registration!$B$3:$C$77,2,FALSE) -> 10 | F14: 1 | G14: =D14/10.7 -> 0.0052159052
A15: 12 | B15: 58 | C15: 0.26193287 | D15: =C15-'Leg 4'!C19 -> 0.049583333 | E15: =VLOOKUP(B15,Registration!$B$3:$C$77,2,FALSE) -> 10 | F15: 2 | G15: =D15/10.7 -> 0.0046339564
A16: 13 | B16: 17 | C16: 0.26199074 | D16: =C16-'Leg 4'!C16 -> 0.054733796 | E16: =VLOOKUP(B16,Registration!$B$3:$C$77,2,FALSE) -> 6 | F16: 2 | G16: =D16/10.7 -> 0.0051153081
A17: 14 | B17: 45 | C17: 0.2627662 | D17: =C17-'Leg 4'!C13 -> 0.062094907 | E17: =VLOOKUP(B17,Registration!$B$3:$C$77,2,FALSE) -> 8 | F17: 3 | G17: =D17/10.7 -> 0.0058032624
A18: 15 | B18: 63 | C18: 0.26409722 | D18: =C18-'Leg 4'!C17 -> 0.056064815 | E18: =VLOOKUP(B18,Registration!$B$3:$C$77,2,FALSE) -> 10 | F18: 3 | G18: =D18/10.7 -> 0.0052397023
A19: 16 | B19: 53 | C19: 0.26886574 | D19: =C19-'Leg 4'!C21 -> 0.053703704 | E19: =VLOOKUP(B19,Registration!$B$3:$C$77,2,FALSE) -> 9 | F19: 1 | G19: =D19/10.7 -> 0.0050190377
A20: 17 | B20: 34 | C20: 0.27008102 | D20: =C20-'Leg 4'!C20 -> 0.05681713 | E20: =VLOOKUP(B20,Registration!$B$3:$C$77,2,FALSE) -> 8 | F20: 3 | G20: =D20/10.7 -> 0.0053100121
A21: 18 | B21: 4 | C21: 0.27167824 | D21: =C21-'Leg 4'!C18 -> 0.059351852 | E21: =VLOOKUP(B21,Registration!$B$3:$C$77,2,FALSE) -> 1 | F21: 7 | G21: =D21/10.7 -> 0.005546902
A22: 19 | B22: 15 | C22: 0.27376157 | D22: =C22-'Leg 4'!C24 -> 0.053599537 | E22: =VLOOKUP(B22,Registration!$B$3:$C$77,2,FALSE) -> 6 | F22: 3 | G22: =D22/10.7 -> 0.0050093025
A23: 20 | B23: 62 | C23: 0.27601852 | D23: =C23-'Leg 4'!C22 -> 0.057164352 | E23: =VLOOKUP(B23,Registration!$B$3:$C$77,2,FALSE) -> 10 | F23: 4 | G23: =D23/10.7 -> 0.0053424628
A24: 21 | B24: 65 | C24: 0.27649306 | D24: =C24-'Leg 4'!C23 -> 0.056678241 | E24: =VLOOKUP(B24,Registration!$B$3:$C$77,2,FALSE) -> 10 | F24: 5 | G24: =D24/10.7 -> 0.0052970318
A25: 22 | B25: 44 | C25: 0.28109954 | D25: =C25-'Leg 4'!C27 -> 0.049537037 | E25: =VLOOKUP(B25,Registration!$B$3:$C$77,2,FALSE) -> 8 | F25: 4 | G25: =D25/10.7 -> 0.0046296296
A26: 23 | B26: 56 | C26: 0.28391204 | D26: =C26-'Leg 4'!C26 -> 0.055231481 | E26: =VLOOKUP(B26,Registration!$B$3:$C$77,2,FALSE) -> 9 | F26: 2 | G26: =D26/10.7 -> 0.0051618207
A27: 24 | B27: 46 | C27: 0.28784722 | D27: =C27-'Leg 4'!C25 -> 0.059699074 | E27: =VLOOKUP(B27,Registration!$B$3:$C$77,2,FALSE) -> 8 | F27: 5 | G27: =D27/10.7 -> 0.0055793527
A28: 25 | B28: 30 | C28: 0.29269676 | D28: =C28-'Leg 4'!C28 -> 0.05744213 | E28: =VLOOKUP(B28,Registration!$B$3:$C$77,2,FALSE) -> 8 | F28: 6 | G28: =D28/10.7 -> 0.0053684233
A29: 26 | B29: 41 | C29: 0.29476852 | D29: =C29-'Leg 4'!C40 -> 0.049722222 | E29: =VLOOKUP(B29,Registration!$B$3:$C$77,2,FALSE) -> 8 | F29: 7 | G29: =D29/10.7 -> 0.0046469367
A30: 27 | B30: 19 | C30: 0.29510417 | D30: =C30-'Leg 4'!C30 -> 0.058344907 | E30: =VLOOKUP(B30,Registration!$B$3:$C$77,2,FALSE) -> 6 | F30: 4 | G30: =D30/10.7 -> 0.0054527951
A31: 28 | B31: 29 | C31: 0.29528935 | D31: =C31-'Leg 4'!C34 -> 0.054768519 | E31: =VLOOKUP(B31,Registration!$B$3:$C$77,2,FALSE) -> 8 | F31: 8 | G31: =D31/10.7 -> 0.0051185531
A32: 29 | B32: 32 | C32: 0.29549769 | D32: =C32-'Leg 4'!C37 -> 0.052627315 | E32: =VLOOKUP(B32,Registration!$B$3:$C$77,2,FALSE) -> 8 | F32: 9 | G32: =D32/10.7 -> 0.0049184406
A33: 30 | B33: 57 | C33: 0.29550926 | D33: =C33-'Leg 4'!C31 -> 0.057291667 | E33: =VLOOKUP(B33,Registration!$B$3:$C$77,2,FALSE) -> 9 | F33: 3 | G33: =D33/10.7 -> 0.0053543614
A34: 31 | B34: 22 | C34: 0.29886574 | D34: =C34-'Leg 4'!C33 -> 0.058541667 | E34: =VLOOKUP(B34,Registration!$B$3:$C$77,2,FALSE) -> 7 | F34: 1 | G34: =D34/10.7 -> 0.0054711838
A35: 32 | B35: 31 | C35: 0.29980324 | D35: =C35-'Leg 4'!C32 -> 0.059907407 | E35: =VLOOKUP(B35,Registration!$B$3:$C$77,2,FALSE) -> 8 | F35: 10 | G35: =D35/10.7 -> 0.0055988231
A36: 33 | B36: 61 | C36: 0.30108796 | D36: =C36-'Leg 4'!C29 -> 0.065613426 | E36: =VLOOKUP(B36,Registration!$B$3:$C$77,2,FALSE) -> 10 | F36: 6 | G36: =D36/10.7 -> 0.0061320959
A37: 34 | B37: 16 | C37: 0.30358796 | D37: =C37-'Leg 4'!C39 -> 0.058587963 | E37: =VLOOKUP(B37,Registration!$B$3:$C$77,2,FALSE) -> 6 | F37: 5 | G37: =D37/10.7 -> 0.0054755106
A38: 35 | B38: 20 | C38: 0.30387731 | D38: =C38-'Leg 4'!C36 -> 0.061319444 | E38: =VLOOKUP(B38,Registration!$B$3:$C$77,2,FALSE) -> 6 | F38: 6 | G38: =D38/10.7 -> 0.0057307892
A39: 36 | B39: 11 | C39: 0.30395833 | D39: =C39-'Leg 4'!C35 -> 0.061875 | E39: =VLOOKUP(B39,Registration!$B$3:$C$77,2,FALSE) -> 3 | F39: 1 | G39: =D39/10.7 -> 0.0057827103
A40: 37 | B40: 25 | C40: 0.30989583 | D40: =C40-'Leg 4'!C41 -> 0.063506944 | E40: =VLOOKUP(B40,Registration!$B$3:$C$77,2,FALSE) -> 7 | F40: 2 | G40: =D40/10.7 -> 0.0059352285
A41: 38 | B41: 10 | C41: 0.31284722 | D41: =C41-'Leg 4'!C38 -> 0.069918981 | E41: =VLOOKUP(B41,Registration!$B$3:$C$77,2,FALSE) -> 3 | F41: 2 | G41: =D41/10.7 -> 0.0065344843
A42: 39 | B42: 21 | C42: 0.31773148 | D42: =C42-'Leg 4'!C46 -> 0.058391204 | E42: =VLOOKUP(B42,Registration!$B$3:$C$77,2,FALSE) -> 7 | F42: 3 | G42: =D42/10.7 -> 0.0054571218
A43: 40 | B43: 49 | C43: 0.31815972 | D43: =C43-'Leg 4'!C47 -> 0.057638889 | E43: =VLOOKUP(B43,Registration!$B$3:$C$77,2,FALSE) -> 9 | F43: 4 | G43: =D43/10.7 -> 0.005386812
A44: 41 | B44: 33 | C44: 0.32016204 | D44: =C44-'Leg 4'!C45 -> 0.061018519 | E44: =VLOOKUP(B44,Registration!$B$3:$C$77,2,FALSE) -> 8 | F44: 11 | G44: =D44/10.7 -> 0.0057026653
A45: 42 | B45: 39 | C45: 0.3203125 | D45: =C45-'Leg 4'!C42 -> 0.065636574 | E45: =VLOOKUP(B45,Registration!$B$3:$C$77,2,FALSE) -> 8 | F45: 12 | G45: =D45/10.7 -> 0.0061342593
A46: 43 | B46: 24 | C46: 0.32673611 | D46: =C46-'Leg 4'!C44 -> 0.068599537 | E46: =VLOOKUP(B46,Registration!$B$3:$C$77,2,FALSE) -> 7 | F46: 4 | G46: =D46/10.7 -> 0.0064111717
A47: 44 | B47: 37 | C47: 0.3272338 | D47: =C47-'Leg 4'!C48 -> 0.066053241 | E47: =VLOOKUP(B47,Registration!$B$3:$C$77,2,FALSE) -> 8 | F47: 13 | G47: =D47/10.7 -> 0.0061732001
A48: 45 | B48: 48 | C48: 0.33001157 | D48: =C48-'Leg 4'!C43 -> 0.074189815 | E48: =VLOOKUP(B48,Registration!$B$3:$C$77,2,FALSE) -> 9 | F48: 5 | G48: =D48/10.7 -> 0.0069336276
A49: 46 | B49: 50 | C49: 0.3341088 | D49: =C49-'Leg 4'!C53 -> 0.063472222 | E49: =VLOOKUP(B49,Registration!$B$3:$C$77,2,FALSE) -> 9 | F49: 6 | G49: =D49/10.7 -> 0.0059319834
A50: 47 | B50: 64 | C50: 0.33824074 | D50: =C50-'Leg 4'!C51 -> 0.075034722 | E50: =VLOOKUP(B50,Registration!$B$3:$C$77,2,FALSE) -> 10 | F50: 7 | G50: =D50/10.7 -> 0.0070125909
A51: 48 | B51: 14 | C51: 0.3390625 | D51: =C51-'Leg 4'!C50 -> 0.076631944 | E51: =VLOOKUP(B51,Registration!$B$3:$C$77,2,FALSE) -> 5 | F51: 1 | G51: =D51/10.7 -> 0.007161864
A52: 49 | B52: 60 | C52: 0.34695602 | D52: =C52-'Leg 4'!C52 -> 0.076666667 | E52: =VLOOKUP(B52,Registration!$B$3:$C$77,2,FALSE) -> 10 | F52: 8 | G52: =D52/10.7 -> 0.007165109
A53: 50 | B53: 3 | C53: 0.34988426 | D53: =C53-'Leg 4'!C55 -> 0.069178241 | E53: =VLOOKUP(B53,Registration!$B$3:$C$77,2,FALSE) -> 1 | F53: 8 | G53: =D53/10.7 -> 0.0064652561
A54: 51 | B54: 36 | C54: 0.35097222 | D54: =C54-'Leg 4'!C61 -> 0.054212963 | E54: =VLOOKUP(B54,Registration!$B$3:$C$77,2,FALSE) -> 8 | F54: 14 | G54: =D54/10.7 -> 0.0050666321
A55: 52 | B55: 12 | C55: 0.35210648 | D55: =C55-'Leg 4'!C58 -> 0.061423611 | E55: =VLOOKUP(B55,Registration!$B$3:$C$77,2,FALSE) -> 1 | F55: 9 | G55: =D55/10.7 -> 0.0057405244
A56: 53 | B56: 54 | C56: 0.35636574 | D56: =C56-'Leg 4'!C59 -> 0.063726852 | E56: =VLOOKUP(B56,Registration!$B$3:$C$77,2,FALSE) -> 9 | F56: 7 | G56: =D56/10.7 -> 0.0059557805
A57: 54 | B57: 51 | C57: 0.35740741 | D57: =C57-'Leg 4'!C63 -> 0.056655093 | E57: =VLOOKUP(B57,Registration!$B$3:$C$77,2,FALSE) -> 9 | F57: 8 | G57: =D57/10.7 -> 0.0052948685
A58: 55 | B58: 40 | C58: 0.35806713 | D58: =C58-'Leg 4'!C60 -> 0.065381944 | E58: =VLOOKUP(B58,Registration!$B$3:$C$77,2,FALSE) -> 8 | F58: 15 | G58: =D58/10.7 -> 0.0061104621
A59: 56 | B59: 28 | C59: 0.36189815 | D59: =C59-'Leg 4'!C56 -> 0.081342593 | E59: =VLOOKUP(B59,Registration!$B$3:$C$77,2,FALSE) -> 7 | F59: 5 | G59: =D59/10.7 -> 0.0076021115
A60: 57 | B60: 38 | C60: 0.36423611 | D60: =C60-'Leg 4'!C54 -> 0.088055556 | E60: =VLOOKUP(B60,Registration!$B$3:$C$77,2,FALSE) -> 8 | F60: 16 | G60: =D60/10.7 -> 0.0082294912
A61: 58 | B61: 55 | C61: 0.36890046 | D61: =C61-'Leg 4'!C49 -> 0.10756944 | E61: =VLOOKUP(B61,Registration!$B$3:$C$77,2,FALSE) -> 9 | F61: 9 | G61: =D61/10.7 -> 0.010053219
A62: 59 | B62: 23 | C62: 0.37107639 | D62: =C62-'Leg 4'!C64 -> 0.065914352 | E62: =VLOOKUP(B62,Registration!$B$3:$C$77,2,FALSE) -> 7 | F62: 6 | G62: =D62/10.7 -> 0.0061602198
A63: 60 | B63: 52 | C63: 0.3781713 | E63: =VLOOKUP(B63,Registration!$B$3:$C$77,2,FALSE) -> 9 | F63: 10 | G63: =D63/10.7 -> 0
A64: 61 | B64: 69 | C64: 0.38009259 | D64: =C64-'Leg 4'!C57 -> 0.092141204 | E64: =VLOOKUP(B64,Registration!$B$3:$C$77,2,FALSE) -> 10 | F64: 9 | G64: =D64/10.7 -> 0.0086113274
A65: 62 | B65: 13 | C65: 0.38305556 | D65: =C65-'Leg 4'!C65 -> 0.071655093 | E65: =VLOOKUP(B65,Registration!$B$3:$C$77,2,FALSE) -> 4 | F65: 1 | G65: =D65/10.7 -> 0.0066967376
A66: 63 | B66: 27 | C66: 0.38328704 | D66: =C66-'Leg 4'!C62 -> 0.086446759 | E66: =VLOOKUP(B66,Registration!$B$3:$C$77,2,FALSE) -> 7 | F66: 7 | G66: =D66/10.7 -> 0.0080791364
A67: 64 | B67: 26 | C67: 0.40225694 | D67: =C67-'Leg 4'!C66 -> 0.077962963 | E67: =VLOOKUP(B67,Registration!$B$3:$C$77,2,FALSE) -> 7 | F67: 8 | G67: =D67/10.7 -> 0.0072862582
A68: 65

Sheet Leg 6
A1: Leg 6 | B1: 2017 Tahoe Relay
G2: 8.6 Miles
A3: Place | B3: Bib # | C3: Total Time | D3: Leg Time | E3: Div | F3: Div Place | G3: Pace
A4: 1 | B4: 68 | C4: 0.24371528 | D4: =C4-'Leg 5'!C4 -> 0.044988426 | E4: =VLOOKUP(B4,Registration!$B$3:$C$77,2,FALSE) -> 1 | F4: 1 | G4: =D4/8.6 -> 0.0052312123
A5: 2 | B5: 1 | C5: 0.24396991 | D5: =C5-'Leg 5'!C5 -> 0.035925926 | E5: =VLOOKUP(B5,Registration!$B$3:$C$77,2,FALSE) -> 1 | F5: 2 | G5: =D5/8.6 -> 0.0041774332
A6: 3 | B6: 7 | C6: 0.25980324 | D6: =C6-'Leg 5'!C6 -> 0.037708333 | E6: =VLOOKUP(B6,Registration!$B$3:$C$77,2,FALSE) -> 1 | F6: 3 | G6: =D6/8.6 -> 0.0043846899
A7: 4 | B7: 9 | C7: 0.26459491 | D7: =C7-'Leg 5'!C7 -> 0.041203704 | E7: =VLOOKUP(B7,Registration!$B$3:$C$77,2,FALSE) -> 2 | F7: 1 | G7: =D7/8.6 -> 0.0047911283
A8: 5 | B8: 5 | C8: 0.26476852 | D8: =C8-'Leg 5'!C8 -> 0.038541667 | E8: =VLOOKUP(B8,Registration!$B$3:$C$77,2,FALSE) -> 1 | F8: 4 | G8: =D8/8.6 -> 0.0044815891
A9: 6 | B9: 2 | C9: 0.27131944 | D9: =C9-'Leg 5'!C9 -> 0.040358796 | E9: =VLOOKUP(B9,Registration!$B$3:$C$77,2,FALSE) -> 1 | F9: 5 | G9: =D9/8.6 -> 0.0046928833
A10: 7 | B10: 18 | C10: 0.28765046 | D10: =C10-'Leg 5'!C11 -> 0.041574074 | E10: =VLOOKUP(B10,Registration!$B$3:$C$77,2,FALSE) -> 6 | F10: 1 | G10: =D10/8.6 -> 0.0048341947
A11: 8 | B11: 47 | C11: 0.28840278 | D11: =C11-'Leg 5'!C10 -> 0.045243056 | E11: =VLOOKUP(B11,Registration!$B$3:$C$77,2,FALSE) -> 8 | F11: 1 | G11: =D11/8.6 -> 0.0052608204
A12: 9 | B12: 43 | C12: 0.29693287 | D12: =C12-'Leg 5'!C12 -> 0.045694444 | E12: =VLOOKUP(B12,Registration!$B$3:$C$77,2,FALSE) -> 8 | F12: 2 | G12: =D12/8.6 -> 0.0053133075
A13: 10 | B13: 59 | C13: 0.30179398 | D13: =C13-'Leg 5'!C14 -> 0.042118056 | E13: =VLOOKUP(B13,Registration!$B$3:$C$77,2,FALSE) -> 10 | F13: 1 | G13: =D13/8.6 -> 0.0048974483
A14: 11 | B14: 17 | C14: 0.30670139 | D14: =C14-'Leg 5'!C16 -> 0.044710648 | E14: =VLOOKUP(B14,Registration!$B$3:$C$77,2,FALSE) -> 6 | F14: 2 | G14: =D14/8.6 -> 0.0051989126
A15: 12 | B15: 58 | C15: 0.30677083 | D15: =C15-'Leg 5'!C15 -> 0.044837963 | E15: =VLOOKUP(B15,Registration!$B$3:$C$77,2,FALSE) -> 10 | F15: 2 | G15: =D15/8.6 -> 0.0052137166
A16: 13 | B16: 63 | C16: 0.30922454 | D16: =C16-'Leg 5'!C18 -> 0.045127315 | E16: =VLOOKUP(B16,Registration!$B$3:$C$77,2,FALSE) -> 10 | F16: 3 | G16: =D16/8.6 -> 0.0052473622
A17: 14 | B17: 6 | C17: 0.30950231 | D17: =C17-'Leg 5'!C13 -> 0.055219907 | E17: =VLOOKUP(B17,Registration!$B$3:$C$77,2,FALSE) -> 1 | F17: 6 | G17: =D17/8.6 -> 0.0064209195
A18: 15 | B18: 4 | C18: 0.31020833 | D18: =C18-'Leg 5'!C21 -> 0.038530093 | E18: =VLOOKUP(B18,Registration!$B$3:$C$77,2,FALSE) -> 1 | F18: 7 | G18: =D18/8.6 -> 0.0044802433
A19: 16 | B19: 45 | C19: 0.31101852 | D19: =C19-'Leg 5'!C17 -> 0.048252315 | E19: =VLOOKUP(B19,Registration!$B$3:$C$77,2,FALSE) -> 8 | F19: 3 | G19: =D19/8.6 -> 0.0056107343
A20: 17 | B20: 53 | C20: 0.31518519 | D20: =C20-'Leg 5'!C19 -> 0.046319444 | E20: =VLOOKUP(B20,Registration!$B$3:$C$77,2,FALSE) -> 9 | F20: 1 | G20: =D20/8.6 -> 0.0053859819
A21: 18 | B21: 34 | C21: 0.3178125 | D21: =C21-'Leg 5'!C20 -> 0.047731481 | E21: =VLOOKUP(B21,Registration!$B$3:$C$77,2,FALSE) -> 8 | F21: 4 | G21: =D21/8.6 -> 0.0055501723
A22: 19 | B22: 15 | C22: 0.31802083 | D22: =C22-'Leg 5'!C22 -> 0.044259259 | E22: =VLOOKUP(B22,Registration!$B$3:$C$77,2,FALSE) -> 6 | F22: 3 | G22: =D22/8.6 -> 0.0051464255
A23: 20 | B23: 62 | C23: 0.31829861 | D23: =C23-'Leg 5'!C23 -> 0.042280093 | E23: =VLOOKUP(B23,Registration!$B$3:$C$77,2,FALSE) -> 10 | F23: 4 | G23: =D23/8.6 -> 0.0049162898
A24: 21 | B24: 44 | C24: 0.33231481 | D24: =C24-'Leg 5'!C25 -> 0.051215278 | E24: =VLOOKUP(B24,Registration!$B$3:$C$77,2,FALSE) -> 8 | F24: 5 | G24: =D24/8.6 -> 0.0059552649
A25: 22 | B25: 65 | C25: 0.33572917 | D25: =C25-'Leg 5'!C24 -> 0.059236111 | E25: =VLOOKUP(B25,Registration!$B$3:$C$77,2,FALSE) -> 10 | F25: 5 | G25: =D25/8.6 -> 0.0068879199
A26: 23 | B26: 46 | C26: 0.33862269 | D26: =C26-'Leg 5'!C27 -> 0.050775463 | E26: =VLOOKUP(B26,Registration!$B$3:$C$77,2,FALSE) -> 8 | F26: 6 | G26: =D26/8.6 -> 0.0059041236
A27: 24 | B27: 30 | C27: 0.34097222 | D27: =C27-'Leg 5'!C28 -> 0.048275463 | E27: =VLOOKUP(B27,Registration!$B$3:$C$77,2,FALSE) -> 8 | F27: 7 | G27: =D27/8.6 -> 0.0056134259
A28: 25 | B28: 56 | C28: 0.34168981 | D28: =C28-'Leg 5'!C26 -> 0.057777778 | E28: =VLOOKUP(B28,Registration!$B$3:$C$77,2,FALSE) -> 9 | F28: 2 | G28: =D28/8.6 -> 0.0067183463
A29: 26 | B29: 22 | C29: 0.3437963 | D29: =C29-'Leg 5'!C34 -> 0.044930556 | E29: =VLOOKUP(B29,Registration!$B$3:$C$77,2,FALSE) -> 7 | F29: 1 | G29: =D29/8.6 -> 0.0052244832
A30: 27 | B30: 57 | C30: 0.34971065 | D30: =C30-'Leg 5'!C14 -> 0.090034722 | E30: =VLOOKUP(B30,Registration!$B$3:$C$77,2,FALSE) -> 9 | F30: 5 | G30: =D30/8.6 -> 0.010469154
A31: 28 | B31: 61 | C31: 0.35017361 | D31: =C31-'Leg 5'!C36 -> 0.049085648 | E31: =VLOOKUP(B31,Registration!$B$3:$C$77,2,FALSE) -> 10 | F31: 6 | G31: =D31/8.6 -> 0.0057076335
A32: 29 | B32: 41 | C32: 0.35101852 | D32: =C32-'Leg 5'!C29 -> 0.05625 | E32: =VLOOKUP(B32,Registration!$B$3:$C$77,2,FALSE) -> 8 | F32: 8 | G32: =D32/8.6 -> 0.0065406977
A33: 30 | B33: 29 | C33: 0.35230324 | D33: =C33-'Leg 5'!C31 -> 0.057013889 | E33: =VLOOKUP(B33,Registration!$B$3:$C$77,2,FALSE) -> 8 | F33: 2 | G33: =D33/8.6 -> 0.006629522
A34: 31 | B34: 20 | C34: 0.35277778 | D34: =C34-'Leg 5'!C38 -> 0.048900463 | E34: =VLOOKUP(B34,Registration!$B$3:$C$77,2,FALSE) -> 6 | F34: 4 | G34: =D34/8.6 -> 0.0056861003
A35: 32 | B35: 11 | C35: 0.35296296 | D35: =C35-'Leg 5'!C39 -> 0.04900463 | E35: =VLOOKUP(B35,Registration!$B$3:$C$77,2,FALSE) -> 3 | F35: 1 | G35: =D35/8.6 -> 0.0056982127
A36: 33 | B36: 19 | C36: 0.3544213 | D36: =C36-'Leg 5'!C30 -> 0.05931713 | E36: =VLOOKUP(B36,Registration!$B$3:$C$77,2,FALSE) -> 6 | F36: 5 | G36: =D36/8.6 -> 0.0068973407
A37: 34 | B37: 31 | C37: 0.35488426 | D37: =C37-'Leg 5'!C35 -> 0.055081019 | E37: =VLOOKUP(B37,Registration!$B$3:$C$77,2,FALSE) -> 8 | F37: 9 | G37: =D37/8.6 -> 0.0064047696
A38: 35 | B38: 32 | C38: 0.35572917 | D38: =C38-'Leg 5'!C32 -> 0.060231481 | E38: =VLOOKUP(B38,Registration!$B$3:$C$77,2,FALSE) -> 8 | F38: 10 | G38: =D38/8.6 -> 0.0070036606
A39: 36 | B39: 10 | C39: 0.36052083 | D39: =C39-'Leg 5'!C41 -> 0.047673611 | E39: =VLOOKUP(B39,Registration!$B$3:$C$77,2,FALSE) -> 3 | F39: 2 | G39: =D39/8.6 -> 0.0055434432
A40: 37 | B40: 33 | C40: 0.36837963 | D40: =C40-'Leg 5'!C36 -> 0.067291667 | E40: =VLOOKUP(B40,Registration!$B$3:$C$77,2,FALSE) -> 8 | F40: 11 | G40: =D40/8.6 -> 0.0078246124
A41: 38 | B41: 21 | C41: 0.37076389 | D41: =C41-'Leg 5'!C42 -> 0.053032407 | E41: =VLOOKUP(B41,Registration!$B$3:$C$77,2,FALSE) -> 7 | F41: 3 | G41: =D41/8.6 -> 0.006166559
A42: 39 | B42: 25 | C42: 0.37233796 | D42: =C42-'Leg 5'!C40 -> 0.06244213 | E42: =VLOOKUP(B42,Registration!$B$3:$C$77,2,FALSE) -> 7 | F42: 4 | G42: =D42/8.6 -> 0.0072607127
A43: 40 | B43: 24 | C43: 0.37444444 | D43: =C43-'Leg 5'!C46 -> 0.047708333 | E43: =VLOOKUP(B43,Registration!$B$3:$C$77,2,FALSE) -> 7 | F43: 5 | G43: =D43/8.6 -> 0.0055474806
A44: 41 | B44: 39 | C44: 0.37533565 | D44: =C44-'Leg 5'!C45 -> 0.055023148 | E44: =VLOOKUP(B44,Registration!$B$3:$C$77,2,FALSE) -> 8 | F44: 12 | G44: =D44/8.6 -> 0.0063980405
A45: 42 | B45: 49 | C45: 0.37918981 | D45: =C45-'Leg 5'!C43 -> 0.061030093 | E45: =VLOOKUP(B45,Registration!$B$3:$C$77,2,FALSE) -> 9 | F45: 3 | G45: =D45/8.6 -> 0.0070965224
A46: 43 | B46: 37 | C46: 0.38458333 | D46: =C46-'Leg 5'!C47 -> 0.057349537 | E46: =VLOOKUP(B46,Registration!$B$3:$C$77,2,FALSE) -> 8 | F46: 12 | G46: =D46/8.6 -> 0.0066685508
A47: 44 | B47: 48 | C47: 0.38820602 | D47: =C47-'Leg 5'!C43 -> 0.070046296 | E47: =VLOOKUP(B47,Registration!$B$3:$C$77,2,FALSE) -> 9 | F47: 4 | G47: =D47/8.6 -> 0.0081449182
A48: 45 | B48: 50 | C48: 0.39246528 | D48: =C48-'Leg 5'!C49 -> 0.058356481 | E48: =VLOOKUP(B48,Registration!$B$3:$C$77,2,FALSE) -> 9 | F48: 5 | G48: =D48/8.6 -> 0.0067856374
A49: 46 | B49: 16 | C49: 0.39267361 | D49: =C49-'Leg 5'!C37 -> 0.089085648 | E49: =VLOOKUP(B49,Registration!$B$3:$C$77,2,FALSE) -> 6 | F49: 6 | G49: =D49/8.6 -> 0.010358796
A50: 47 | B50: 64 | C50: 0.39349537 | D50: =C50-'Leg 5'!C50 -> 0.05525463 | E50: =VLOOKUP(B50,Registration!$B$3:$C$77,2,FALSE) -> 10 | F50: 7 | G50: =D50/8.6 -> 0.0064249569
A51: 48 | B51: 14 | C51: 0.39821759 | D51: =C51-'Leg 5'!C51 -> 0.059155093 | E51: =VLOOKUP(B51,Registration!$B$3:$C$77,2,FALSE) -> 5 | F51: 1 | G51: =D51/8.6 -> 0.0068784991
A52: 49 | B52: 12 | C52: 0.40284722 | D52: =C52-'Leg 5'!C55 -> 0.050740741 | E52: =VLOOKUP(B52,Registration!$B$3:$C$77,2,FALSE) -> 1 | F52: 8 | G52: =D52/8.6 -> 0.0059000861
A53: 50 | B53: 40 | C53: 0.40731481 | D53: =C53-'Leg 5'!C58 -> 0.049247685 | E53: =VLOOKUP(B53,Registration!$B$3:$C$77,2,FALSE) -> 8 | F53: 13 | G53: =D53/8.6 -> 0.005726475
A54: 51 | B54: 3 | C54: 0.40884259 | D54: =C54-'Leg 5'!C53 -> 0.058958333 | E54: =VLOOKUP(B54,Registration!$B$3:$C$77,2,FALSE) -> 1 | F54: 9 | G54: =D54/8.6 -> 0.0068556202
A55: 52 | B55: 51 | C55: 0.40938657 | D55: =C55-'Leg 5'!C57 -> 0.051979167 | E55: =VLOOKUP(B55,Registration!$B$3:$C$77,2,FALSE) -> 9 | F55: 6 | G55: =D55/8.6 -> 0.0060440891
A56: 53 | B56: 36 | C56: 0.41576389 | D56: =C56-'Leg 5'!C54 -> 0.064791667 | E56: =VLOOKUP(B56,Registration!$B$3:$C$77,2,FALSE) -> 8 | F56: 14 | G56: =D56/8.6 -> 0.0075339147
A57: 54 | B57: 60 | C57: 0.41597222 | D57: =C57-'Leg 5'!C52 -> 0.069016204 | E57: =VLOOKUP(B57,Registration!$B$3:$C$77,2,FALSE) -> 10 | F57: 8 | G57: =D57/8.6 -> 0.00802514
A58: 55 | B58: 54 | C58: 0.41702546 | D58: =C58-'Leg 5'!C56 -> 0.060659722 | E58: =VLOOKUP(B58,Registration!$B$3:$C$77,2,FALSE) -> 9 | F58: 7 | G58: =D58/8.6 -> 0.0070534561
A59: 56 | B59: 28 | C59: 0.43078704 | D59: =C59-'Leg 5'!C59 -> 0.068888889 | E59: =VLOOKUP(B59,Registration!$B$3:$C$77,2,FALSE) -> 7 | F59: 6 | G59: =D59/8.6 -> 0.0080103359
A60: 57 | B60: 13 | C60: 0.43483796 | D60: =C60-'Leg 5'!C65 -> 0.051782407 | E60: =VLOOKUP(B60,Registration!$B$3:$C$77,2,FALSE) -> 4 | F60: 1 | G60: =D60/8.6 -> 0.0060212102
A61: 58 | B61: 27 | C61: 0.44311343 | D61: =C61-'Leg 5'!C66 -> 0.059826389 | E61: =VLOOKUP(B61,Registration!$B$3:$C$77,2,FALSE) -> 7 | F61: 7 | G61: =D61/8.6 -> 0.0069565568
A62: 59 | B62: 38 | C62: 0.44334491 | D62: =C62-'Leg 5'!C60 -> 0.079108796 | E62: =VLOOKUP(B62,Registration!$B$3:$C$77,2,FALSE) -> 8 | F62: 15 | G62: =D62/8.6 -> 0.0091986972
A63: 60 | B63: 52 | C63: 0.44711806 | D63: =C63-'Leg 5'!C63 -> 0.068946759 | E63: =VLOOKUP(B63,Registration!$B$3:$C$77,2,FALSE) -> 9 | F63: 8 | G63: =D63/8.6 -> 0.008017065
A64: 61 | B64: 55 | C64: 0.44802083 | D64: =C64-'Leg 5'!C61 -> 0.07912037 | E64: =VLOOKUP(B64,Registration!$B$3:$C$77,2,FALSE) -> 9 | F64: 9 | G64: =D64/8.6 -> 0.0092000431
A65: 62 | B65: 69 | C65: 0.45114583 | D65: =C65-'Leg 5'!C64 -> 0.071053241 | E65: =VLOOKUP(B65,Registration!$B$3:$C$77,2,FALSE) -> 10 | F65: 9 | G65: =D65/8.6 -> 0.0082620047
A66: 63 | B66: 26 | C66: 0.4665625 | D66: =C66-'Leg 5'!C67 -> 0.064305556 | E66: =VLOOKUP(B66,Registration!$B$3:$C$77,2,FALSE) -> 7 | F66: 8 | G66: =D66/8.6 -> 0.0074773902
A67: 64
A68: 65
B70: 23 | C70: DNF | E70: =VLOOKUP(B70,Registration!$B$3:$C$77,2,FALSE) -> 7
B71: 66 | C71: DNF | E71: =VLOOKUP(B71,Registration!$B$3:$C$77,2,FALSE) -> 11
B72: 67 | C72: DNF | E72: =VLOOKUP(B72,Registration!$B$3:$C$77,2,FALSE) -> 12

Sheet Leg 7
A1: Leg 7 | B1: 2017 Tahoe Relay
G2: 11 Miles
A3: Place | B3: Bib # | C3: Total Time | D3: Leg Time | E3: Div | F3: Div Place | G3: Pace
A4: 1 | B4: 1 | C4: 0.28646991 | D4: =C4-'Leg 6'!C5 -> 0.0425 | E4: =VLOOKUP(B4,Registration!$B$3:$C$77,2,FALSE) -> 1 | F4: 1 | G4: =D4/11.1 -> 0.0038288288
A5: 2 | B5: 68 | C5: 0.28778935 | D5: =C5-'Leg 6'!C4 -> 0.044074074 | E5: =VLOOKUP(B5,Registration!$B$3:$C$77,2,FALSE) -> 1 | F5: 2 | G5: =D5/11.1 -> 0.0039706373
A6: 3 | B6: 7 | C6: 0.30519676 | D6: =C6-'Leg 6'!C6 -> 0.045393519 | E6: =VLOOKUP(B6,Registration!$B$3:$C$77,2,FALSE) -> 1 | F6: 3 | G6: =D6/11.1 -> 0.0040895062
A7: 4 | B7: 5 | C7: 0.31356481 | D7: =C7-'Leg 6'!C8 -> 0.048796296 | E7: =VLOOKUP(B7,Registration!$B$3:$C$77,2,FALSE) -> 1 | F7: 4 | G7: =D7/11.1 -> 0.0043960627
A8: 5 | B8: 9 | C8: 0.31668981 | D8: =C8-'Leg 6'!C7 -> 0.052094907 | E8: =VLOOKUP(B8,Registration!$B$3:$C$77,2,FALSE) -> 2 | F8: 1 | G8: =D8/11.1 -> 0.0046932349
A9: 6 | B9: 2 | C9: 0.31797454 | D9: =C9-'Leg 6'!C9 -> 0.046655093 | E9: =VLOOKUP(B9,Registration!$B$3:$C$77,2,FALSE) -> 1 | F9: 5 | G9: =D9/11.1 -> 0.0042031615
A10: 7 | B10: 18 | C10: 0.33782407 | D10: =C10-'Leg 6'!C10 -> 0.050173611 | E10: =VLOOKUP(B10,Registration!$B$3:$C$77,2,FALSE) -> 6 | F10: 1 | G10: =D10/11.1 -> 0.0045201451
A11: 8 | B11: 47 | C11: 0.33837963 | D11: =C11-'Leg 6'!C11 -> 0.049976852 | E11: =VLOOKUP(B11,Registration!$B$3:$C$77,2,FALSE) -> 8 | F11: 1 | G11: =D11/11.1 -> 0.0045024191
A12: 9 | B12: 43 | C12: 0.35443287 | D12: =C12-'Leg 6'!C12 -> 0.0575 | E12: =VLOOKUP(B12,Registration!$B$3:$C$77,2,FALSE) -> 8 | F12: 2 | G12: =D12/11.1 -> 0.0051801802
A13: 10 | B13: 59 | C13: 0.35488426 | D13: =C13-'Leg 6'!C13 -> 0.053090278 | E13: =VLOOKUP(B13,Registration!$B$3:$C$77,2,FALSE) -> 10 | F13: 1 | G13: =D13/11.1 -> 0.0047829079
A14: 11 | B14: 17 | C14: 0.35825231 | D14: =C14-'Leg 6'!C14 -> 0.051550926 | E14: =VLOOKUP(B14,Registration!$B$3:$C$77,2,FALSE) -> 6 | F14: 2 | G14: =D14/11.1 -> 0.0046442276
A15: 12 | B15: 58 | C15: 0.35827546 | D15: =C15-'Leg 6'!C15 -> 0.05150463 | E15: =VLOOKUP(B15,Registration!$B$3:$C$77,2,FALSE) -> 10 | F15: 3 | G15: =D15/11.1 -> 0.0046400567
A16: 13 | B16: 63 | C16: 0.36045139 | D16: =C16-'Leg 6'!C16 -> 0.051226852 | E16: =VLOOKUP(B16,Registration!$B$3:$C$77,2,FALSE) -> 10 | F16: 4 | G16: =D16/11.1 -> 0.0046150317
A17: 14 | B17: 45 | C17: 0.36180556 | D17: =C17-'Leg 6'!C19 -> 0.050787037 | E17: =VLOOKUP(B17,Registration!$B$3:$C$77,2,FALSE) -> 8 | F17: 3 | G17: =D17/11.1 -> 0.0045754087
A18: 15 | B18: 4 | C18: 0.36331019 | D18: =C18-'Leg 6'!C18 -> 0.053101852 | E18: =VLOOKUP(B18,Registration!$B$3:$C$77,2,FALSE) -> 1 | F18: 6 | G18: =D18/11.1 -> 0.0047839506
A19: 16 | B19: 6 | C19: 0.36965278 | D19: =C19-'Leg 6'!C17 -> 0.060150463 | E19: =VLOOKUP(B19,Registration!$B$3:$C$77,2,FALSE) -> 1 | F19: 7 | G19: =D19/11.1 -> 0.0054189606
A20: 17 | B20: 62 | C20: 0.37041667 | D20: =C20-'Leg 6'!C23 -> 0.052118056 | E20: =VLOOKUP(B20,Registration!$B$3:$C$77,2,FALSE) -> 10 | F20: 5 | G20: =D20/11.1 -> 0.0046953203
A21: 18 | B21: 15 | C21: 0.37049769 | D21: =C21-'Leg 6'!C22 -> 0.052476852 | E21: =VLOOKUP(B21,Registration!$B$3:$C$77,2,FALSE) -> 6 | F21: 3 | G21: =D21/11.1 -> 0.0047276443
A22: 19 | B22: 53 | C22: 0.37594907 | D22: =C22-'Leg 6'!C20 -> 0.060763889 | E22: =VLOOKUP(B22,Registration!$B$3:$C$77,2,FALSE) -> 9 | F22: 1 | G22: =D22/11.1 -> 0.0054742242
A23: 20 | B23: 34 | C23: 0.38576389 | D23: =C23-'Leg 6'!C21 -> 0.067951389 | E23: =VLOOKUP(B23,Registration!$B$3:$C$77,2,FALSE) -> 8 | F23: 4 | G23: =D23/11.1 -> 0.0061217467
A24: 21 | B24: 65 | C24: 0.39054398 | D24: =C24-'Leg 6'!C25 -> 0.054814815 | E24: =VLOOKUP(B24,Registration!$B$3:$C$77,2,FALSE) -> 10 | F24: 6 | G24: =D24/11.1 -> 0.0049382716
A25: 22 | B25: 46 | C25: 0.39159722 | D25: =C25-'Leg 6'!C26 -> 0.052974537 | E25: =VLOOKUP(B25,Registration!$B$3:$C$77,2,FALSE) -> 8 | F25: 5 | G25: =D25/11.1 -> 0.0047724808
A26: 23 | B26: 44 | C26: 0.39670139 | D26: =C26-'Leg 6'!C24 -> 0.064386574 | E26: =VLOOKUP(B26,Registration!$B$3:$C$77,2,FALSE) -> 8 | F26: 6 | G26: =D26/11.1 -> 0.0058005923
A27: 24 | B27: 30 | C27: 0.4012963 | D27: =C27-'Leg 6'!C27 -> 0.060324074 | E27: =VLOOKUP(B27,Registration!$B$3:$C$77,2,FALSE) -> 8 | F27: 7 | G27: =D27/11.1 -> 0.0054346013
A28: 25 | B28: 22 | C28: 0.40314815 | D28: =C28-'Leg 6'!C29 -> 0.059351852 | E28: =VLOOKUP(B28,Registration!$B$3:$C$77,2,FALSE) -> 7 | F28: 1 | G28: =D28/11.1 -> 0.0053470137
A29: 26 | B29: 56 | C29: 0.40400463 | D29: =C29-'Leg 6'!C28 -> 0.062314815 | E29: =VLOOKUP(B29,Registration!$B$3:$C$77,2,FALSE) -> 9 | F29: 2 | G29: =D29/11.1 -> 0.0056139473
A30: 27 | B30: 20 | C30: 0.40712963 | D30: =C30-'Leg 6'!C34 -> 0.054351852 | E30: =VLOOKUP(B30,Registration!$B$3:$C$77,2,FALSE) -> 6 | F30: 2 | G30: =D30/11.1 -> 0.0048965632
A31: 28 | B31: 57 | C31: 0.4087963 | D31: =C31-'Leg 6'!C30 -> 0.059085648 | E31: =VLOOKUP(B31,Registration!$B$3:$C$77,2,FALSE) -> 9 | F31: 3 | G31: =D31/11.1 -> 0.0053230314
A32: 29 | B32: 19 | C32: 0.41076389 | D32: =C32-'Leg 6'!C36 -> 0.056342593 | E32: =VLOOKUP(B32,Registration!$B$3:$C$77,2,FALSE) -> 6 | F32: 3 | G32: =D32/11.1 -> 0.0050759092
A33: 30 | B33: 29 | C33: 0.41094907 | D33: =C33-'Leg 6'!C33 -> 0.058645833 | E33: =VLOOKUP(B33,Registration!$B$3:$C$77,2,FALSE) -> 8 | F33: 8 | G33: =D33/11.1 -> 0.0052834084
A34: 31 | B34: 11 | C34: 0.41202546 | D34: =C34-'Leg 6'!C35 -> 0.0590625 | E34: =VLOOKUP(B34,Registration!$B$3:$C$77,2,FALSE) -> 3 | F34: 1 | G34: =D34/11.1 -> 0.0053209459
A35: 32 | B35: 61 | C35: 0.41304398 | D35: =C35-'Leg 6'!C31 -> 0.06287037 | E35: =VLOOKUP(B35,Registration!$B$3:$C$77,2,FALSE) -> 10 | F35: 7 | G35: =D35/11.1 -> 0.0056639973
A36: 33 | B36: 41 | C36: 0.41309028 | D36: =C36-'Leg 6'!C32 -> 0.062071759 | E36: =VLOOKUP(B36,Registration!$B$3:$C$77,2,FALSE) -> 8 | F36: 9 | G36: =D36/11.1 -> 0.0055920504
A37: 34 | B37: 10 | C37: 0.41763889 | D37: =C37-'Leg 6'!C39 -> 0.057118056 | E37: =VLOOKUP(B37,Registration!$B$3:$C$77,2,FALSE) -> 3 | F37: 2 | G37: =D37/11.1 -> 0.0051457708
A38: 35 | B38: 32 | C38: 0.41978009 | D38: =C38-'Leg 6'!C38 -> 0.064050926 | E38: =VLOOKUP(B38,Registration!$B$3:$C$77,2,FALSE) -> 8 | F38: 10 | G38: =D38/11.1 -> 0.0057703537
A39: 36 | B39: 31 | C39: 0.42445602 | D39: =C39-'Leg 6'!C37 -> 0.069571759 | E39: =VLOOKUP(B39,Registration!$B$3:$C$77,2,FALSE) -> 8 | F39: 11 | G39: =D39/11.1 -> 0.0062677261
A40: 37 | B40: 33 | C40: 0.42559028 | D40: =C40-'Leg 6'!C40 -> 0.057210648 | E40: =VLOOKUP(B40,Registration!$B$3:$C$77,2,FALSE) -> 8 | F40: 12 | G40: =D40/11.1 -> 0.0051541124
A41: 38 | B41: 25 | C41: 0.42826389 | D41: =C41-'Leg 6'!C42 -> 0.055925926 | E41: =VLOOKUP(B41,Registration!$B$3:$C$77,2,FALSE) -> 7 | F41: 2 | G41: =D41/11.1 -> 0.0050383717
A42: 39 | B42: 24 | C42: 0.43027778 | D42: =C42-'Leg 6'!C43 -> 0.055833333 | E42: =VLOOKUP(B42,Registration!$B$3:$C$77,2,FALSE) -> 7 | F42: 3 | G42: =D42/11.1 -> 0.00503003
A43: 40 | B43: 21 | C43: 0.4403588 | D43: =C43-'Leg 6'!C41 -> 0.069594907 | E43: =VLOOKUP(B43,Registration!$B$3:$C$77,2,FALSE) -> 7 | F43: 4 | G43: =D43/11.1 -> 0.0062698115
A44: 41 | B44: 49 | C44: 0.44037037 | D44: =C44-'Leg 6'!C47 -> 0.052164352 | E44: =VLOOKUP(B44,Registration!$B$3:$C$77,2,FALSE) -> 9 | F44: 4 | G44: =D44/11.1 -> 0.0046994912
A45: 42 | B45: 48 | C45: 0.45280093 | D45: =C45-'Leg 6'!C47 -> 0.064594907 | E45: =VLOOKUP(B45,Registration!$B$3:$C$77,2,FALSE) -> 9 | F45: 5 | G45: =D45/11.1 -> 0.005819361
A46: 43 | B46: 37 | C46: 0.46009259 | D46: =C46-'Leg 6'!C46 -> 0.075509259 | E46: =VLOOKUP(B46,Registration!$B$3:$C$77,2,FALSE) -> 8 | F46: 13 | G46: =D46/11.1 -> 0.006802636
A47: 44 | B47: 39 | C47: 0.46085648 | D47: =C47-'Leg 6'!C44 -> 0.085520833 | E47: =VLOOKUP(B47,Registration!$B$3:$C$77,2,FALSE) -> 8 | F47: 14 | G47: =D47/11.1 -> 0.0077045796
A48: 45 | B48: 64 | C48: 0.46800926 | D48: =C48-'Leg 6'!C50 -> 0.074513889 | E48: =VLOOKUP(B48,Registration!$B$3:$C$77,2,FALSE) -> 10 | F48: 8 | G48: =D48/11.1 -> 0.006712963
A49: 46 | B49: 14 | C49: 0.46803241 | D49: =C49-'Leg 6'!C51 -> 0.069814815 | E49: =VLOOKUP(B49,Registration!$B$3:$C$77,2,FALSE) -> 5 | F49: 1 | G49: =D49/11.1 -> 0.006289623
A50: 47 | B50: 3 | C50: 0.47332176 | D50: =C50-'Leg 6'!C54 -> 0.064479167 | E50: =VLOOKUP(B50,Registration!$B$3:$C$77,2,FALSE) -> 1 | F50: 8 | G50: =D50/11.1 -> 0.0058089339
A51: 48 | B51: 16 | C51: 0.47489583 | D51: =C51-'Leg 6'!C49 -> 0.082222222 | E51: =VLOOKUP(B51,Registration!$B$3:$C$77,2,FALSE) -> 6 | F51: 4 | G51: =D51/11.1 -> 0.0074074074
A52: 49 | B52: 40 | C52: 0.47667824 | D52: =C52-'Leg 6'!C53 -> 0.069363426 | E52: =VLOOKUP(B52,Registration!$B$3:$C$77,2,FALSE) -> 8 | F52: 15 | G52: =D52/11.1 -> 0.0062489573
A53: 50 | B53: 50 | C53: 0.47820602 | D53: =C53-'Leg 6'!C48 -> 0.085740741 | E53: =VLOOKUP(B53,Registration!$B$3:$C$77,2,FALSE) -> 9 | F53: 6 | G53: =D53/11.1 -> 0.0077243911
A54: 51 | B54: 51 | C54: 0.47828704 | D54: =C54-'Leg 6'!C55 -> 0.068900463 | E54: =VLOOKUP(B54,Registration!$B$3:$C$77,2,FALSE) -> 9 | F54: 7 | G54: =D54/11.1 -> 0.0062072489
A55: 52 | B55: 12 | C55: 0.4859838 | D55: =C55-'Leg 6'!C52 -> 0.083136574 | E55: =VLOOKUP(B55,Registration!$B$3:$C$77,2,FALSE) -> 1 | F55: 9 | G55: =D55/11.1 -> 0.0074897814
A56: 53 | B56: 36 | C56: 0.48765046 | D56: =C56-'Leg 6'!C56 -> 0.071886574 | E56: =VLOOKUP(B56,Registration!$B$3:$C$77,2,FALSE) -> 8 | F56: 16 | G56: =D56/11.1 -> 0.0064762679
A57: 54 | B57: 60 | C57: 0.49201389 | D57: =C57-'Leg 6'!C57 -> 0.076041667 | E57: =VLOOKUP(B57,Registration!$B$3:$C$77,2,FALSE) -> 10 | F57: 9 | G57: =D57/11.1 -> 0.0068506006
A58: 55 | B58: 13 | C58: 0.5075 | D58: =C58-'Leg 6'!C60 -> 0.072662037 | E58: =VLOOKUP(B58,Registration!$B$3:$C$77,2,FALSE) -> 4 | F58: 1 | G58: =D58/11.1 -> 0.0065461295
A59: 56 | B59: 27 | C59: 0.50769676 | D59: =C59-'Leg 6'!C61 -> 0.064583333 | E59: =VLOOKUP(B59,Registration!$B$3:$C$77,2,FALSE) -> 7 | F59: 5 | G59: =D59/11.1 -> 0.0058183183
A60: 57 | B60: 28 | C60: 0.50876157 | D60: =C60-'Leg 6'!C59 -> 0.077974537 | E60: =VLOOKUP(B60,Registration!$B$3:$C$77,2,FALSE) -> 7 | F60: 6 | G60: =D60/11.1 -> 0.0070247331
A61: 58 | B61: 38 | C61: 0.5168287 | D61: =C61-'Leg 6'!C62 -> 0.073483796 | E61: =VLOOKUP(B61,Registration!$B$3:$C$77,2,FALSE) -> 8 | F61: 17 | G61: =D61/11.1 -> 0.0066201618
A62: 59 | B62: 52 | C62: 0.51820602 | D62: =C62-'Leg 6'!C63 -> 0.071087963 | E62: =VLOOKUP(B62,Registration!$B$3:$C$77,2,FALSE) -> 9 | F62: 8 | G62: =D62/11.1 -> 0.006404321
A63: 60 | B63: 54 | C63: 0.51894676 | D63: =C63-'Leg 6'!C58 -> 0.1019213 | E63: =VLOOKUP(B63,Registration!$B$3:$C$77,2,FALSE) -> 9 | F63: 9 | G63: =D63/11.1 -> 0.0091820988
A64: 61 | B64: 55 | C64: 0.53637731 | D64: =C64-'Leg 6'!C64 -> 0.088356481 | E64: =VLOOKUP(B64,Registration!$B$3:$C$77,2,FALSE) -> 9 | F64: 10 | G64: =D64/11.1 -> 0.0079600434
A65: 62 | B65: 69 | C65: 0.54068287 | D65: =C65-'Leg 6'!C65 -> 0.089537037 | E65: =VLOOKUP(B65,Registration!$B$3:$C$77,2,FALSE) -> 10 | F65: 10 | G65: =D65/11.1 -> 0.0080663997
A66: 63 | B66: 26 | C66: 0.55287037 | D66: =C66-'Leg 6'!C66 -> 0.08630787 | E66: =VLOOKUP(B66,Registration!$B$3:$C$77,2,FALSE) -> 7 | F66: 7 | G66: =D66/11.1 -> 0.0077754838
A67: 64
A68: 65
B70: 23 | C70: DNF
B71: 66 | C71: DNF
B72: 67 | C72: DNF
